msr_id,city,state
28702554355988,FOZ DO IGUACU,PR
24302855659668,SOROCABA,SP
28705330445844,JABOATAO DOS GUARARAPES,PE
28711442153108,SAO PAULO,SP
25746176005012,SANTA MARIA,RS
422726320791,SALVADOR,BA
377578770872,RECIFE,PE
403616669191,RIBEIRAO PRETO,SP
422836416971,ACOPIARA,CE
6332375009300,SIRINHAEM,PE
28714856345364,SALVADOR,BA
10078188826132,ITAI,SP
24504182936980,NITEROI,RJ
406750204551,SANTO ANDRE,SP
407327501991,RIO DE JANEIRO,RJ
15700949967764,RIO DE JANEIRO,RJ
11415893507732,CARAPICUIBA,SP
5161144221332,NATAL,RN
418907908812,TAUBATE,SP
25704842205716,SAO PAULO,SP
17505366560788,GUARULHOS,SP
386034679071,LEME,SP
6045449118356,CONDE,PB
416971760032,BELEM,PA
377359993711,RIO DE JANEIRO,RJ
13920901038996,MAIRIPORA,SP
24724411941780,CARIACICA,ES
18527853762196,SAO PAULO,SP
10078659529620,RIO DE JANEIRO,RJ
410742322671,CURITIBA,PR
5183774618004,NOVA IGUACU,RJ
419161809992,RIO DE JANEIRO,RJ
6665977708436,RIO DE JANEIRO,RJ
383911003051,NOVA IGUACU,RJ
15242035174164,SAO PAULO,SP
14868087722260,SAO CAETANO DO SUL,SP
377299987692,JABOATAO DOS GUARARAPES,PE
9672885129364,FORTALEZA,CE
377363680771,RIO DE JANEIRO,RJ
423086700751,IBITINGA,SP
377296936832,PARNAMIRIM,RN
420472550371,SAO PAULO,SP
420683987152,RIO DE JANEIRO,RJ
377300570652,SAO PAULO,SP
421918875132,CAMPINAS,SP
377363912171,RIO DE JANEIRO,RJ
405531891672,SAO PAULO,SP
377360075811,MACEIO,AL
412385530792,BELO HORIZONTE,MG
25017399361172,ARARANGUA,SC
377300011192,SAO PAULO,SP
406210688211,SOROCABA,SP
412528216691,FRANCA,SP
377357268171,RIO DE JANEIRO,RJ
417070310371,SALVADOR,BA
24195758027412,SAO JOSE DOS PINHAIS,PR
28175070505748,PORTO ALEGRE,RS
422651561892,LUCIANOPOLIS,SP
399106405192,CARMO DA CACHOEIRA,MG
422488771432,SAO PAULO,SP
399173305911,RIO DE JANEIRO,RJ
377293398552,RIO DE JANEIRO,RJ
412528216551,CAMPINA GRANDE,PB
20601667029908,BARUERI,SP
421773233892,SALVADOR,BA
406765680892,SAO PAULO,SP
384967156891,CABO DE SANTO AGOSTINHO,PE
6571947420948,FLORIANOPOLIS,SC
14426419907860,RECIFE,PE
377360143091,SAO PAULO,SP
20239100707732,VALENCA,RJ
378085043071,PORTO ALEGRE,RS
1900503062287,SANTO ANDRE,SP
25447622537492,RIO DE JANEIRO,RJ
418924081232,GRAVATAI,RS
389647389231,SAO PAULO ,SP
410182375911,BRASILIA,DF
408144175591,CURITIBA,PR
423300819992,SAO JOSE DOS PINHAIS,PR
418358362631,BELO HORIZONTE,MG
25960314052244,GOIANIA,GO
4659209425044,CARAZINHO,RS
14985638906260,GOIANIRA,GO
26648595090324,SAO PAULO,SP
5069688699412,LONDRINA,PR
22387621150612,POCOS DE CALDAS,MG
405191665912,SAO PAULO,SP
384447731471,MURIAE,MG
9397081808660,PRAIA GRANDE,SP
1901920657127,ITABUNA,BA
9532977185300,SANTA MARIA,RS
377364464851,SAO PAULO,SP
1901920656887,SAO CARLOS,SP
6645115563668,SAO PAULO,SP
1905173561487,BELO HORIZONTE,MG
403824640152,PORTO ALEGRE,RS
15750006317076,OURO PRETO,MG
377356637751,SAO PAULO,SP
406020003511,SAO PAULO,SP
403833162611,COTIA,SP
21762879062548,OSASCO,SP
406980548952,COSMOPOLIS,SP
377297104892,RIO DE JANEIRO,RJ
6205776188820,HORTOLANDIA,SP
1902503177807,BELO HORIZONTE,MG
404345689111,PARACAMBI,RJ
404136442552,CAMPINAS,SP
422357090892,RIO DE JANEIRO,RJ
15533045488276,RIO DE JANEIRO,RJ
13197048969492,UBERLANDIA,MG
20478632468884,SAO PAULO,SP
406647297952,PORTO ALEGRE,RS
23161652893204,GAROPABA,SC
7295853202068,SALVADOR,BA
405557890672,FLORESTA,PR
406991058231,SAO LEOPOLDO,RS
384139968712,SAO PAULO,SP
377293978792,MOGI DAS CRUZES,SP
21245491320084,SANTOS,SP
389558634531,DIADEMA,SP
26206451443732,BELO HORIZONTE,MG
399106995292,SANTO ANDRE,SP
405410863491,GUARAPUAVA,PR
27876135090580,SAO PAULO,SP
1900337265847,SERRINHA,BA
411417126471,CARUARU,PE
26131035103508,SALVADOR,BA
401251856752,SANTAREM,PA
377363390731,CURITIBA,PR
379507636092,IMBITUVA,PR
13922685466388,CAMACARI,BA
410391167852,MOGI DAS CRUZES,SP
26277534631572,SANTO ANDRE,SP
23859427537556,FLORIANOPOLIS,SC
377360320191,RIO DE JANEIRO,RJ
28306102702228,RIO DE JANEIRO,RJ
410766589932,SAO JOSE DO RIO PRETO,SP
407634608292,SAO PAULO,SP
5104242104596,SEROPEDICA,RJ
8465956229396,RIBEIRAO PRETO,SP
28197744445460,RIO DE JANEIRO,RJ
404175191912,BELFORD ROXO,RJ
392989116292,SAO PAULO,SP
28197863461012,CONSELHEIRO LAFAIETE,MG
4608125990548,BELO HORIZONTE,MG
404598904712,CAMPINAS,SP
7999527803796,SAO PAULO,SP
28715062804372,SAO BERNARDO DO CAMPO,SP
22301790538388,FLORIANOPOLIS,SC
6439905120916,RIO DE JANEIRO,RJ
377363800691,SAO PAULO,SP
377296857572,ARUJA,SP
26793756939028,NITEROI,RJ
27186645194900,SAO PAULO,SP
412528217071,CAIEIRAS,SP
11568129858068,CRICIUMA,SC
402727157232,NITEROI,RJ
19286216458772,RIO DE JANEIRO,RJ
399112387572,PARANAGUA,PR
24006673302676,UBERLANDIA,MG
421249870011,FRANCA,SP
403427665912,COARI,AM
422586427351,FERNANDOPOLIS,SP
8063756705428,SAO PAULO,SP
399106484912,SALVADOR,BA
17461810299284,MARECHAL THAUMATURGO,AC
423352450371,NOVO HAMBURGO,RS
404367739651,SAO PAULO,SP
420489314991,SAO PAULO,SP
412655450411,CAXIAS DO SUL,RS
9395904121492,SAO JOSE DOS CAMPOS,SP
415689348111,VITORIA DA CONQUISTA,BA
15533152254356,CAUCAIA,CE
8645333567636,IGARAPE,MG
23859437874068,JABOATAO DOS GUARARAPES,PE
404930396371,CAPAO BONITO,SP
19867106030740,MACEIO,AL
417304184692,SAO PAULO,SP
423973888832,BELO HORIZONTE,MG
377360227291,MAUA,SP
422083577671,SAO PAULO,SP
1900755559587,RIO DE JANEIRO,RJ
19416959892756,CHAPECO,SC
386246397531,SAO PAULO,SP
400047294512,RIO DE JANEIRO,RJ
10078188825620,ARRAIAL D AJUDA,BA
408549598811,MAUA,SP
19611969336852,CAMPO LARGO,PR
13812813388948,VILA VELHA,ES
423143835372,JOAO PESSOA,PB
406586211691,BETIM,MG
404963541951,SOUSA,PB
27550010843668,LONDRINA,PR
401883750651,CARAPICUIBA,SP
378565438672,CUIABA,MT
25501597143572,BOTUCATU,SP
423089297871,RIO DE JANEIRO,RJ
4648979969684,PORTO SEGURO,BA
24990382400404,RIO DE JANEIRO,RJ
422842594311,RIO DE JANEIRO,RJ
377293899972,RECIFE,PE
408151169292,SALGUEIRO,PE
377364481431,CASCAVEL,PR
419137873212,ITAJAI,SC
1902727934367,MACAE,RJ
8910842542484,MAGE,RJ
377726829971,SAO PAULO,SP
1903726870867,FORTALEZA,CE
16932195977620,FERRAZ DE VASCONCELOS,SP
399112065612,CURITIBA,PR
406986847771,RIO DE JANEIRO,RJ
404886926831,SAO BERNARDO DO CAMPO,SP
1900703885967,SAO PAULO,SP
1901921132987,AVARE,SP
401633569871,CARIACICA,ES
28088403428884,RIO DE JANEIRO,RJ
422583985491,MANAUS,AM
421298220191,SANTANA DE PARNAIBA,SP
1901921128027,NITEROI,RJ
5673746825748,SALVADOR,BA
400885489511,CURITIBA,PR
412529215751,FORTALEZA,CE
414719872072,BELO HORIZONTE,MG
422193194591,BRASILIA,DF
25356315598356,RIO DE JANEIRO,RJ
16903208194452,SOROCABA,SP
377363627371,CAMPOS DOS GOYTACAZES,RJ
7273197846548,BELEM,PA
10325300313108,GUARAPUAVA,PR
415689220411,GOIANIA,GO
26130995943188,MANAUS,AM
28218525700628,SANTO ANDRE,SP
377351766311,RECIFE,PE
17826401039124,JOINVILLE,SC
9648119218580,SALVADOR,BA
24725141583124,SAO PAULO,SP
14705678988564,SAO PAULO,SP
420740486751,ITUMBIARA,GO
24958208180756,SAO PAULO,SP
5847326153748,PRATAPOLIS,MG
377363036831,BELO HORIZONTE,MG
17463907612052,ANGRA DOS REIS,RJ
400269115232,FOZ DO IGUACU,PR
423868119791,PELOTAS,RS
401537637751,RIO DE JANEIRO,RJ
389644203071,RIO DE JANEIRO,RJ
404770605712,SAO PAULO,SP
26915930301844,FRANCO DA ROCHA,SP
26067158240788,FOZ DO IGUACU,PR
420517900892,BLUMENAU,SC
380714511711,FRANCISCO MORATO SP ,SP
8048660041108,INDAIATUBA,SP
8702267497876,VALPARAISO DE GOIAS,GO
26847615549076,PALOTINA,PR
399887620972,ITAJUBA,MG
13090099548436,SAO PAULO,SP
18404729806740,FRANCISCO MORATO,SP
8090435602708,BELO HORIZONTE,MG
399168114831,SAO PAULO,SP
1900078057927,CURITIBA,PR
421073684871,SALVADOR,BA
408947808572,NOVA IGUACU,RJ
386308895072,GUAIBA ,RS
1902516460347,RIO DE JANEIRO,RJ
410937362071,JUNDIAI,SP
14702803696660,JUNDIAI,SP
389299644112,SAO PAULO,SP
402890311512,SAO PAULO,SP
415689829511,SERTAOZINHO,SP
404185662991,SAO PAULO,SP
1904009806107,SAO GONCALO,RJ
402042120832,CANOAS,RS
378565454252,SALVADOR,BA
412341491112,BRASILIA,DF
421867529092,PORTO ALEGRE,RS
15566597171092,ARACRUZ,ES
1905587953587,BAURU,SP
377359958911,ANDRADINA,SP
18923731315348,GOIANIA,GO
421201020472,NOVA SERRANA,MG
419199356611,CUBATAO,SP
409210365732,SAO PAULO,SP
10862079825556,VILA VELHA,ES
15062967617300,MACEIO,AL
17417498115604,REBOUCAS,PR
399112025892,SAO PAULO,SP
27500881025684,SUZANO,SP
377357300571,CAMPINA GRANDE,PB
17742030872980,RIO DE JANEIRO,RJ
403824047872,RIO DE JANEIRO,RJ
403001525951,SAO JOSE DOS CAMPOS,SP
408536501851,MANAUS,AM
24578665943956,FORTALEZA,CE
385725712712,POA,SP
14426484441620,BRASILIA,DF
25904575100564,SAO BERNARDO DO CAMPO,SP
407987437871,SAO JOAQUIM DA BARRA,SP
407879051991,FORTALEZA,CE
12475384142484,SAO PAULO,SP
393739013171,JOINVILLE,SC
403619478071,NOVA IGUACU,RJ
8126610158612,BELO HORIZONTE,MG
10869815099796,CAMPINAS,SP
402205981391,CARAPICUIBA,SP
27993754006036,FRANCO DA ROCHA,SP
16595181486612,SAO GONCALO,RJ
399174459391,SAO PAULO,SP
410074891332,SAO PAULO,SP
15428998076564,APARECIDA DE GOIANIA,GO
421772947932,SALVADOR,BA
13733204584724,FORTALEZA,CE
399736024852,SAO PAULO,SP
423301328972,JUAZEIRO DO NORTE,CE
28393531527956,BRASILIA,DF
392179739112,SAO PAULO,SP
25071486345108,PIRAJU,SP
420472550571,BRASILIA,DF
406646850292,RIO DE JANEIRO,RJ
422316848252,PEDERNEIRAS,SP
25088269908116,MACEIO,AL
410936484171,CAXIAS DO SUL,RS
13632447258772,CURITIBA,PR
9198553495700,CAMPINAS,SP
377300909652,RECIFE,PE
24424269901204,BELO HORIZONTE,MG
385106315992,TAUBATE SP,SP
419452316171,SALVADOR,BA
411021766932,RECIFE,PE
419097843831,SAO PAULO,SP
23950732252948,SAO PAULO,SP
1902654761107,RIO DAS OSTRAS,RJ
418812221531,BARUERI,SP
411779456511,SAO PAULO,SP
8569341602836,SAO PAULO,SP
424130024611,SUMARE,SP
22155170135828,SAO PAULO,SP
417981579912,SAO PAULO,SP
24974877564436,GOIANIA,GO
377297138432,SAO VICENTE,SP
14426484442004,PORTO ALEGRE,RS
28165743781396,CURITIBA,PR
12463205905812,SAO PAULO,SP
408211001031,PORTO ALEGRE,RS
4920354320660,TOBIAS BARRETO,SE
385498469912,DIADEMA,SP
28203957787156,PEDRINOPOLIS,MG
400312395511,PORTO ALEGRE,RS
15560928914196,RIO DE JANEIRO,RJ
410211046872,SERRA,ES
408496888691,CURITIBA,PR
410006075372,SAO GONCALO,RJ
406285922071,FLORIANOPOLIS,SC
412668539531,OSASCO,SP
421772947972,ALEGRE,ES
420308808252,INTERNACIONAL,INT
10451195185428,PORCIUNCULA,RJ
12175672057876,NITEROI,RJ
377357296631,SAO PAULO,SP
1903393009247,CAMPINAS,SP
416433176452,SOORETAMA,ES
13422185370388,RIO DE JANEIRO,RJ
1903489521507,CAXIAS DO SUL,RS
1900077951667,FORTALEZA,CE
377300489532,VITORIA,ES
379508631832,FORTALEZA,CE
377299955992,RIO DE JANEIRO,RJ
399383367692,BRASILIA,DF
1902119883687,CURITIBA,PR
377356729971,SAO BERNARDO DO CAMPO,SP
412755805671,BRASILIA,DF
417460563952,QUEDAS DO IGUACU,PR
19249334141204,SAO PAULO,SP
7273668654740,RIO DE JANEIRO,RJ
420497675511,SAO PAULO,SP
401903479731,CURITIBA,PR
423127180212,GUARULHOS,SP
412442955052,INDAIATUBA,SP
405886557192,RUBIATABA,GO
19020969130516,SAO PAULO,SP
410608198191,PETROPOLIS,RJ
13089653558420,SALVADOR,BA
25347434463636,SAO JOSE DO RIO PRETO,SP
15590857179284,OURO PRETO,MG
423191596591,PORTO ALEGRE,RS
377297114832,SAO BERNARDO DO CAMPO,SP
401345827171,ACARA,PA
10080839876500,GOIANIA,GO
16241066114068,SAO PAULO,SP
22296725707668,SAO VICENTE,SP
1902657422727,RECIFE,PE
423243892552,SAO PAULO,SP
27524678207636,CAUCAIA,CE
408469233392,SAO PAULO,SP
415857444651,MONSENHOR GIL,PI
23347450224916,RIO DE JANEIRO,RJ
14771601771284,SAO PAULO,SP
21992033074324,CUIABA,MT
7273197846676,CAPIVARI,SP
377364494231,OSASCO,SP
400408750992,JOINVILLE,SC
16580808063636,RIO DE JANEIRO,RJ
377301427192,APARECIDA DE GOIANIA,GO
377300512112,RIO DE JANEIRO,RJ
377300837692,BELO HORIZONTE,MG
377363697851,SALVADOR,BA
415689829451,SAO PAULO,SP
411009671352,PARATY,RJ
378611936191,SAO PAULO,SP
388339019572,INDAIATUBA,SP
6664846242836,RIO DE JANEIRO,RJ
10168058755220,PETROPOLIS,RJ
410103949991,RIO DE JANEIRO,RJ
27186431738004,CURITIBA,PR
6515524074644,GOIANIA,GO
26116534718996,MOGI DAS CRUZES,SP
423357380512,RIO DE JANEIRO,RJ
26067028449300,PALHOCA,SC
25957594326932,SAO PAULO,SP
28523263202964,CURITIBA,PR
421773233932,BELO HORIZONTE,MG
406149242691,GUAXUPE,MG
7980933645972,NITEROI,RJ
6332533189524,SANTOS,SP
12291794134548,IBIRAREMA,SP
5129300034452,SOBRAL,CE
15771159246484,PAULISTA,PE
386602744951,SAO JOAO DE MERITI,RJ
419390721831,SAO PAULO,SP
418446286772,SAO PAULO,SP
1903623485827,BELO HORIZONTE,MG
4840953052948,MONTEIRO LOBATO,SP
421385203171,GUARULHOS,SP
382820976771,FLORIANOPOLIS,SC
412528216471,BRASILIA,DF
409117717671,FORTALEZA,CE
1903624022187,SAO PAULO,SP
26576222803732,RIO DE JANEIRO,RJ
409254401052,CONTAGEM,MG
24589997569428,PALMEIRAS,BA
377297161512,FORTALEZA,CE
24664294229268,SAO PAULO,SP
18835305784084,RECIFE,PE
418117186552,VIAMAO,RS
8174117459988,VARGINHA,MG
13362940715412,UBERLANDIA,MG
377363044231,SAO PAULO,SP
26545954113940,BELO HORIZONTE,MG
19419180310676,BELFORD ROXO,RJ
27504810731668,ANASTACIO,MS
27720079326228,RIO BONITO,RJ
17418903729300,SALVADOR,BA
421033305031,FLORIANOPOLIS,SC
19679389628180,PORTO ALEGRE,RS
6364164336148,AGUAS DA PRATA,SP
377363893791,SAO PAULO,SP
377297039812,SAO PAULO,SP
24833303636116,RIO DE JANEIRO,RJ
28621900373524,CARIACICA,ES
384960840911,RIO DE JANEIRO,RJ
23140783841556,BARRA MANSA,RJ
407014926051,FRANCA,SP
417991425172,SAO PAULO,SP
18854417666580,SALVADOR,BA
407695989531,PRAIA GRANDE,SP
1904151882947,SALVADOR,BA
382669929811,ARACAJU,SE
14426515288852,RIO DE JANEIRO,RJ
7952564418196,FLORIANOPOLIS,SC
4607885420052,CAMPINA GRANDE,PB
27575708645908,JUNDIAI,SP
420392896732,GOIANIA,GO
27231423122580,BRASILIA,DF
422641147952,TABOAO DA SERRA,SP
377293598132,CAMPINAS,SP
9093536394516,ANAPOLIS,GO
5545351421716,SAO PAULO,SP
15934838739604,GOIANIA,GO
16793043653396,EMBU DAS ARTES,SP
10268800804244,SAO GONCALO,RJ
420877039731,RIO DE JANEIRO,RJ
417345315012,CURITIBA,PR
4872099137428,PORTO ALEGRE,RS
377363714051,UBATUBA,SP
10706951055124,AMERICA DOURADA,BA
5758917755796,SAO BERNARDO DO CAMPO,SP
6251503331860,BONFINOPOLIS DE MINAS,MG
377363703531,RIBEIRAO PRETO,SP
411015128632,RIO DE JANEIRO,RJ
1902168847247,MARINGA,PR
406904234412,PELOTAS,RS
407330054392,MANAUS,AM
13090034302356,TRES RIOS,RJ
16113130634772,HORTOLANDIA,SP
377360329591,RIO DE JANEIRO,RJ
401255962412,IPATINGA,MG
377300012352,BETIM,MG
405306476751,RIO DE JANEIRO,RJ
377293947592,CUIABA,MT
404186279191,GOV. VALADARES,MG
16576377523220,ARACAJU,SE
377300596772,BRASILIA,DF
379082290951,JANDIRA,SP
417089654531,BRASILIA,DF
19583953561236,SANTO ANDRE,SP
18420642675732,RIO DE JANEIRO,RJ
386025478151,CHAPECO,SC
424253141991,SAO JOSE,SC
8569317000212,CATANDUVA,SP
420686333152,FEIRA DE SANTANA,BA
420856284032,RIO DO SUL,SC
28642684631060,RIO DE JANEIRO,RJ
417094160331,PINHAIS,PR
411488852931,OSASCO,SP
25559568664596,RIO DE JANEIRO,RJ
14633832011668,PELOTAS,RS
377293725532,FORTALEZA,CE
418115535972,JOINVILLE,SC
9532977186324,ITAOCARA,RJ
377300814692,SAO PAULO,SP
5735668273940,LAGES,SC
377363690371,BRASILIA,DF
406956864652,NITEROI,RJ
418142939151,FORTALEZA,CE
9294831933332,ALVORADA,RS
420461876551,ITAPECERICA DA SERRA,SP
416742240392,SAO PAULO,SP
13833423602068,RIO DE JANEIRO,RJ
24384253323540,SOMBRIO,SC
404592624931,RIO DE JANEIRO,RJ
403430512171,NOVA IGUACU,RJ
377363800851,BELO HORIZONTE,MG
7273197845780,SAO PAULO,SP
24823009032340,CHAPECO,SC
25347414039956,CARIACICA,ES
389654320852,RONDONOPOLIS,MT
416836867092,NOVA FRIBURGO,RJ
8165043803284,PORTO ALEGRE,RS
7905359851540,MATINHOS,PR
1900482050087,LONDRINA,PR
8915193523860,SANTOS,SP
8144462835860,RIBEIRAO PRETO,SP
388438968751,GUARULHOS,SP
419152879891,SALVADOR,BA
10242089092116,JUIZ DE FORA,MG
10078659530516,RIO DE JANEIRO,RJ
7272896991764,SAO PAULO,SP
418048152451,SERRA DO SALITRE,MG
420472550411,VITORIA DA CONQUISTA,BA
412420431111,SAO PAULO,SP
1903578073647,NOVA VICOSA,BA
27548552898324,SALVADOR,BA
22633675802900,CAMACARI,BA
27888067807508,RIO DE JANEIRO,RJ
6058982425620,BELEM,PA
421381931651,SAO PAULO,SP
377353597791,PERUIBE,SP
403198691611,SAO PAULO,SP
420489314751,RIO DE JANEIRO,RJ
417494269812,BARUERI,SP
410004365192,BALNEARIO GAIVOTA,SC
7469345034516,SALVADOR,BA
399168131771,SUZANO,SP
377300765092,RESENDE COSTA,MG
403099164392,RIO DE JANEIRO,RJ
406110719111,SAO PAULO,SP
1905515345407,SAO JOAO DE MERITI,RJ
377363690071,PAULISTA,PE
392787402872,LORENA,SP
419660074691,REGENTE FEIJO,SP
407920698951,MANAUS,AM
377300600692,RIBEIRAO PIRES,SP
1902513390807,SAO JOAO DO MANHUACU,MG
1904774770267,MACEIO,AL
404332473792,PAULINIA,SP
408531954311,MARA ROSA,GO
400104996011,BELO HORIZONTE,MG
401581388751,RIO DE JANEIRO,RJ
377300652252,SAO PAULO,SP
377300853832,COLOMBO,PR
1905660785187,RIO DE JANEIRO,RJ
377335707132,PELOTAS,RS
17624982551572,IGREJINHA,RS
420740784671,RIO DE JANEIRO,RJ
22978655195028,BELO HORIZONTE,MG
1905566820067,SAO PAULO,SP
399112005952,SOROCABA,SP
420308905252,REDENCAO,CE
11434404917780,SIQUEIRA CAMPOS,PR
420308905812,SOLEDADE,RS
1903393008827,MOGI DAS CRUZES,SP
27524678223252,SAO JOSE DOS CAMPOS,SP
415689778171,SALVADOR,BA
377300942952,BELO HORIZONTE,MG
406664823932,VOTUPORANGA,SP
404226999831,SAO GONCALO,RJ
403000452572,RIO DE JANEIRO,RJ
399173317811,SAO PAULO,SP
408901568612,ITANHAEM,SP
26412413857556,RECIFE,PE
26831731295892,ALM. TAMANDARE,PR
1903625243507,APARECIDA DE GOIANIA,GO
406012287051,CATANDUVA,SP
421773234212,FERRAZ DE VASCONCELOS,SP
24748393500948,SAO PEDRO DA ALDEIA,RJ
27357771349524,ILHA COMPRIDA,SP
26131121360916,SALVADOR,BA
24437885493396,BELO HORIZONTE,MG
412568926052,MEDEIROS,MG
410106347031,BELO HORIZONTE,MG
24091580035732,IBIRITE,MG
377639542751,SERRA,ES
410006075252,FRANCISCO BELTRAO,PR
9353721446420,MARINGA,PR
25459534871316,RIO DE JANEIRO,RJ
416685262331,NOVA FRIBURGO,RJ
6065769329428,TERESINA,PI
21390372052756,SOROCABA,SP
13794969975060,CANOAS,RS
380353568391,SAO PAULO,SP
420472550211,SAO PAULO,SP
5713614368532,SAO LUIS,MA
25993044805268,SAO PAULO,SP
22061536149524,GRAVATAI,RS
7945225399572,GOIANIA,GO
20223211467412,CANGUCU,RS
377360130671,FORTALEZA,CE
27787717177236,BRASILIA,DF
407919706252,CURITIBA,PR
8364248165012,SANTA RITA,PB
5181723636244,TAQUARA,RS
401443278812,ARACAJU,SE
401738523032,SAO PAULO,SP
20535316524564,FLORIANOPOLIS,SC
408957371072,BRASILIA,DF
25881641653012,GUARULHOS,SP
25966507135252,BELO HORIZONTE,MG
1904999903187,POA,SP
389233169952,SAO PAULO ,SP
1904917217647,SAO PAULO,SP
410193687891,SAO PAULO,SP
14705281973524,SAO PAULO,SP
422033619191,ESTEIO,RS
401638497731,ITAPEVI,SP
26883716276116,FAZENDA RIO GRANDE,PR
377293986852,CAMPINA GRANDE,PB
415689438351,BRASILIA,DF
9665860008980,BRASILIA,DF
403811107232,SAO PAULO,SP
26546535342484,TAUBATE,SP
423513135631,JACOBINA,BA
383602371752,SAO PAULO,SP
14426515287188,LONDRINA,PR
423566030272,SAO GONCALO,RJ
393957198231,SAO PAULO,SP
24726360502420,SAO PAULO,SP
13576649567124,RIO DE JANEIRO,RJ
405418316371,SAO JOAO DE MERITI,RJ
25124375943316,RIO DE JANEIRO,RJ
15424756032148,SAO LEOPOLDO,RS
377363017431,BELO HORIZONTE,MG
410105707671,BELO HORIZONTE,MG
400992871972,SAO PAULO,SP
8170995784980,SAO PAULO,SP
422392367691,PETROPOLIS,RJ
26685719588372,SAO THOME DAS LETRAS,MG
7273668653972,ARMACAO DOS BUZIOS,RJ
15328604745492,RIO DE JANEIRO,RJ
8532150794900,BELEM,PA
406395388611,ARARUAMA,RJ
10435559435540,SAO PAULO,SP
420331497772,GOIANIA,GO
412528216651,VIRGOLANDIA,MG
20500029785748,MARINGA,PR
20163680088084,SANTO ANTONIO DO SUDOESTE,PR
409736459271,SAO PAULO,SP
377363757331,PORTO ALEGRE,RS
423868044151,DRACENA,SP
418254779792,FORMIGA,MG
19595401799188,ITAQUAQUECETUBA,SP
21929697278996,SAO PAULO,SP
16397187576468,SALTO,SP
1901921127567,TERESINA,PI
422305217572,CONCORDIA,SC
421957700131,GOIANIA,GO
399106491092,FORTALEZA,CE
28080741663380,SAO PAULO,SP
15230394383636,SAO PAULO,SP
27763282902292,LONDRINA,PR
28405482088212,RIO DE JANEIRO,RJ
377297015452,NILOPOLIS,RJ
410253835412,FEIRA DE SANTANA,BA
401000865592,SUZANO,SP
407370789712,ARACAJU,SE
1901921127927,ITAGUARU,GO
415689830011,BRASILIA,DF
25588478554388,RECIFE,PE
393437934791,SAO GONCALO,RJ
422962573632,FORTALEZA,CE
1904239736907,TABOAO DA SERRA,SP
407878184871,JOAO PESSOA,PB
7783032457620,SAO VICENTE,SP
24409125190676,JOAO PESSOA,PB
420981642451,ESTEIO,RS
23515687343380,COLOMBO,PR
378565412832,CUIABA,MT
11083117077012,APARECIDA DE GOIANIA,GO
377302116232,SAO CARLOS,SP
24268340000532,RIO DE JANEIRO,RJ
377360233771,VITORIA DA CONQUISTA,BA
20669522736532,PALHOCA,SC
17571560566548,BELO HORIZONTE,MG
24214857623444,SAO CARLOS,SP
394760620972,SAO PAULO,SP
1900525646247,SAO JOSE DOS CAMPOS,SP
1904861910287,IBIPORA,PR
400039308071,CAXIAS DO SUL,RS
26685536617236,FORTALEZA,CE
4694422948628,SALVADOR,BA
419495366371,RIO DE JANEIRO,RJ
14426515286804,GOIANIA,GO
412475972132,HORIZONTE,CE
13117601845780,TABOAO DA SERRA,SP
1903627304147,SAO PAULO,SP
418228813451,BELO HORIZONTE,MG
408492724731,SAO PAULO,SP
386567952952,SAO PAULO,SP
15428745219988,BELO HORIZONTE,MG
403892436092,VITORIA,ES
402262196312,ILHEUS,BA
1900329120227,CARAPICUIBA,SP
400796159751,AGUAS LINDAS DE GOIAS,GO
417437124812,PAICANDU,PR
377300503252,MACEIO,AL
419161108952,CABEDELO,PB
13090099547284,RESENDE,RJ
401801353991,CURITIBA,PR
418636281551,MACEIO,AL
24966373271572,IGARASSU,PE
1902710116327,RIO DE JANEIRO,RJ
28157935770260,EMBU DAS ARTES,SP
26274248058644,PORTO ALEGRE,RS
13363820201492,BELO HORIZONTE,MG
377360117571,UBERLANDIA,MG
378565412432,SAO PAULO,SP
389664751991,SAO PAULO,SP
377363685311,BRASILIA,DF
399109030132,RIO DE JANEIRO,RJ
18926141740180,RIO CLARO,SP
417310364711,JATAI,GO
405888071711,BELO HORIZONTE,MG
421981917272,FERRAZ DE VASCONCELOS,SP
384326970452,NATAL,RN
407431030131,SOLEDADE DE MINAS,MG
385023105431,RECIFE,PE
10225783736212,CANOAS,RS
399106405392,FEIRA DE SANTANA,BA
1903918509187,FORTALEZA,CE
424202591151,SAO PAULO,SP
8063752560020,CACAPAVA,SP
401468913911,BRASILIA,DF
399346198392,SAO PAULO,SP
8283974046356,JOAO PESSOA,PB
378612014852,BELO HORIZONTE,MG
15471538987540,RIO DE JANEIRO,RJ
11257407979796,FOZ DO IGUACU,PR
23135031048468,RIO DE JANEIRO,RJ
23112205010324,CIDREIRA,RS
15690823608596,CACHOEIRAS DE MACACU,RJ
422193927371,TERESINA,PI
1901921133147,SAO GONCALO,RJ
377363484351,SAO PAULO,SP
10139337691668,SAO PAULO,SP
423604523171,PORTO ALEGRE,RS
1901761112647,CONTAGEM,MG
19021226669204,SAO PAULO,SP
10850254740500,PINHALZINHO,SP
377363531311,SAO PAULO,SP
27138673146132,RIO DE JANEIRO,RJ
4532943441428,ARAPIRACA,AL
10666545496468,SAO PAULO,SP
377360358391,BRASILIA,DF
421957699771,NITEROI,RJ
401786525931,ANDRADAS,MG
399777733131,SAO PAULO,SP
20400477854100,BELO HORIZONTE,MG
377363406931,SALVADOR,BA
382520404712,RIO DE JANEIRO ,RJ
6106929440660,BARRA MANSA,RJ
420618136852,SANTA JULIANA,MG
406225321531,RIO DE JANEIRO,RJ
1901921128107,MARICA,RJ
19897647942676,SAO PAULO,SP
410366252071,FLORIANOPOLIS,SC
13278055693972,SAO PAULO,SP
377363585391,RECIFE,PE
17624200522516,VITORIA,ES
5678422922644,FORTALEZA,CE
14705909220500,RIO DE JANEIRO,RJ
1905485599427,SAO JOSE DA LAPA,MG
408410601252,MACAE,RJ
404583459352,JOSE DE FREITAS,PI
421282778791,BRASILIA,DF
27410689164308,MANAUS,AM
422096880691,GUARULHOS,SP
404935438351,CAPAO BONITO,SP
24580130789652,CARAPICUIBA,SP
14426515286548,SAO LUIS,MA
11767850104212,LONDRINA,PR
27575643164180,GUARULHOS,SP
407790899771,SAO SEBASTIAO,SP
410246001772,ARRAIAL DO CABO,RJ
1901921127467,SAO PAULO,SP
16003697623572,SAO PAULO,SP
16262455685268,FRANCO DA ROCHA,SP
418095810912,SAQUAREMA,RJ
26348248702484,BELO HORIZONTE,MG
12437678313364,LAURO DE FREITAS,BA
18463378224276,VALENCA,BA
1902515303247,CHOPINZINHO,PR
23859437874580,RIO DE JANEIRO,RJ
423756551952,AMERICANA,SP
401717785032,INDAIATUBA,SP
16993625577748,TAUBATE,SP
411786203292,FORTALEZA,CE
23482605423508,SAO PAULO,SP
380480672672,CURITIBA,PR
394880582191,TRAMANDAI,RS
1905715109087,SOROCABA,SP
385999558712,RIO DE JANEIRO,RJ
421774562532,SAO PAULO,SP
412561752231,OSASCO,SP
377363500371,BRASILIA,DF
405794127531,RIO DE JANEIRO,RJ
402853196111,RIO DE JANEIRO,RJ
377360309631,SAO PAULO,SP
22184672020884,RIO DE JANEIRO,RJ
377363905351,DUQUE DE CAXIAS,RJ
15330718486676,ITAPECERICA DA SERRA,SP
25215357658644,CARIACICA,ES
411460821971,BRASILIA,DF
377351766331,PORTO ALEGRE,RS
402015609391,SAO CARLOS,SP
388874808892,RIO DE JANEIRO,RJ
408860654072,NOVA IGUACU,RJ
403101614631,BAURU,SP
27850297549076,SANTA MARIA,RS
5540234265492,CAMPINAS,SP
422653277452,MANAUS,AM
27758193249300,RIO DE JANEIRO,RJ
418217075471,SAO PAULO,SP
403308666771,RIO DE JANEIRO,RJ
25460240193428,SAO PAULO,SP
26644462000020,SALVADOR,BA
26067015683220,FLORIANOPOLIS,SC
377639546031,CAMPINAS,SP
383365313511,RIO DE JANEIRO,RJ
22190958101012,SARANDI,RS
379365166772,CURITIBA,PR
15860007378196,FLORIANOPOLIS,SC
410459658952,SALVADOR,BA
23859788268308,JOAO PESSOA,PB
423855591811,SAO PAULO,SP
22826234960916,SAO PAULO,SP
417275923352,SAO PAULO,SP
411269336752,BELO HORIZONTE,MG
10326714576276,CURITIBA,PR
28204137738388,RIO DE JANEIRO,RJ
8956928522260,RIO DE JANEIRO,RJ
406758941752,RIO DE JANEIRO,RJ
13090099548308,SAO PAULO,SP
28203827535636,OSASCO,SP
403009125291,SANTO AMARO DA IMPERATRIZ,SC
421097466491,BELFORD ROXO,RJ
421774562452,SAO JOSE DOS PINHAIS,PR
25817733095188,SANTO ANDRE,SP
415503003692,MACEIO,AL
423935254712,CANDEIAS,BA
377300402712,SAO GONCALO,RJ
16536950583444,MAUA,SP
418218281271,RIO DE JANEIRO,RJ
379009182691,RIO DE JANEIRO,RJ
401914126211,SAO PAULO,SP
378577374372,TAQUARITINGA DO NORTE,PE
402226696872,BOQUEIRAO DO LEAO,RS
16603131197076,SALVADOR,BA
377300714572,SAO PAULO,SP
404774633172,SAO PAULO,SP
8398845930132,NOVA FRIBURGO,RJ
12517708113940,VILA VELHA,ES
406951908792,CONDE,PB
377353681871,DUQUE DE CAXIAS,RJ
418629108851,RIO DE JANEIRO,RJ
1902611055407,CUIABA,MT
377360288111,RIO DE JANEIRO,RJ
25445649328660,SAO PAULO,SP
1903626637487,MARACANAU,CE
377297184332,GUARUJA,SP
377359945751,GUARULHOS,SP
417982597372,MARANGUAPE,CE
405057326071,RECIFE,PE
6250311351060,SALVADOR,BA
400268008372,PIEDADE,SP
26066968002580,TRAMANDAI,RS
13090652354964,SAO PAULO,SP
9043006857748,RIO DE JANEIRO,RJ
416597816771,PORTO ALEGRE,RS
408526964891,NOVA IGUACU,RJ
14564493325588,SAO PAULO,SP
378565411732,SALTO DE PIRAPORA,SP
401838393231,BELO HORIZONTE,MG
15314803229332,FLORIANOPOLIS,SC
18760694061204,BELFORD ROXO,RJ
419243704012,SAO JOSE DO RIO PRETO,SP
23193147204884,FLORIANOPOLIS,SC
22677069388564,COTIA,SP
24303096194324,GUARULHOS,SP
26065869692436,VOLTA REDONDA,RJ
422280120352,CABO FRIO,RJ
420308808292,GOIANIA,GO
405412038672,RIO DE JANEIRO,RJ
406190236892,SAO PAULO,SP
1902300627847,CAMPINA GRANDE,PB
11674223739796,COTIA,SP
23165505511700,GAROPABA,SC
404519906292,SAO PAULO,SP
406281365772,SAO PAULO,SP
412582477571,DUQUE DE CAXIAS,RJ
406563738311,SAO PAULO,SP
26116475718932,MACAPA,AP
5183566654996,LONDRINA,PR
1902802389507,RIO DE JANEIRO,RJ
11312026702868,GRAVATAI,RS
9573743795476,SAO PAULO,SP
13094461307284,SAO PAULO,SP
6439649006356,CURVELO,MG
422664196951,MELGACO,PA
7805281561876,EUNAPOLIS,BA
407756225072,SAO PAULO,SP
377296850912,GUARULHOS,SP
27703016802324,BRASILIA,DF
26473814253460,ITANHAEM,SP
26426278008724,SAO LUIS,MA
377363779751,RIO DE JANEIRO,RJ
27088199840148,SAO PAULO,SP
377296963992,SAO PAULO,SP
13089653559828,BAURU,SP
14426484441492,SAO PAULO,SP
6250797542420,SAO PAULO,SP
399106405032,SAO PAULO,SP
14446361007380,RIO DE JANEIRO,RJ
377658993812,CARUARU,PE
27186206453652,RIBEIRAO PIRES,SP
7311594801684,PORTO SEGURO,BA
403232326251,SAO PAULO,SP
1901921127747,SAO PAULO,SP
424112345691,ARACATUBA,SP
423167843331,RIO DE JANEIRO,RJ
22712107116436,RIO DE JANEIRO,RJ
11396888503444,MARICA,RJ
25314239282836,JUNDIAI,SP
25736094255252,RIBEIRAO PIRES,SP
377363703551,SAO JOAO DEL REI,MG
14426651013652,SAO PAULO,SP
406199895471,SAO PAULO,SP
377296828312,RIO DE JANEIRO,RJ
405141610432,RIO DE JANEIRO,RJ
377363412171,DUQUE DE CAXIAS,RJ
412528217011,GUARATINGUETA,SP
408493012271,SAO PAULO,SP
6571031285524,RECIFE,PE
401006396571,SAO PAULO,SP
421107687652,RIO DE JANEIRO,RJ
377359978691,ITU,SP
28364441494420,RIBEIRAO PRETO,SP
384797068331,SANTOS,SP
420826161771,ITUMBIARA,GO
10212097713556,PIRAI,RJ
25127891606804,MOGI DAS CRUZES,SP
15171154262548,SERTANOPOLIS,PR
19652809661076,BOA ESPERANCA,MG
12641830672660,CENTRAL,BA
407971570532,BELFORD ROXO,RJ
1905258257127,CORRENTINA,BA
14426457553684,RIO DE JANEIRO,RJ
25317693205140,FORTALEZA,CE
23226626881556,SAO PAULO,SP
10172956806548,SALVADOR,BA
399106491052,CAXIAS DO SUL,RS
394788499431,SAO PAULO,SP
24709491187732,CAMARAGIBE,PE
412341491212,SAO PAULO,SP
377296802772,SAO BERNARDO DO CAMPO,SP
8190975790100,BELO HORIZONTE,MG
423806159392,CURITIBA,PR
405371955071,SAO PAULO,SP
385214475572,BRASILIA,DF
25459503317268,CARIACICA,ES
7623353759124,NOVA LIMA,MG
377363700571,MARINGA,PR
21313894337300,SAO PAULO,SP
12617947566868,FORTALEZA,CE
394814940551,CURITIBA,PR
8805663508884,BARUERI,SP
15700166764308,ARACATUBA,SP
14426419909268,IPATINGA,MG
378611938171,BRASILIA,DF
385578240651,RIO DE JANEIRO,RJ
14705095431956,ALFENAS,MG
377578769792,BRASILIA,DF
406995373451,ARAUCARIA,PR
4913670035220,CAETITE,BA
9143711225492,OUROESTE,SP
23889177571988,SAO PAULO,SP
1900482060347,RIO DE JANEIRO,RJ
411152711871,SAO PAULO,SP
415460997592,SAO PAULO,SP
7272896614804,SAO PAULO,SP
388603010072,TRES PASSOS,RS
8006916066836,SALVADOR,BA
377300704132,SAO PAULO,SP
409417674011,NITEROI,RJ
1904094766487,RIO DE JANEIRO,RJ
408860211372,NOVA TRENTO,SC
401825971072,DOURADOS,MS
26009947395348,BELFORD ROXO,RJ
10078659528852,SAO PAULO,SP
24136964385428,RIO DE JANEIRO,RJ
14426419907348,PINDAMONHANGABA,SP
23510331025940,SAO JOSE DO RIO PRETO,SP
416953920152,SAO PAULO,SP
11059987666964,FORTALEZA,CE
1903406355827,MESQUITA,RJ
5273539260052,SAO PAULO,SP
423992073011,ITABUNA,BA
423088159851,RIO DE JANEIRO,RJ
385782743672,BELO HORIZONTE,MG
1901921127647,RIO DE JANEIRO,RJ
27012662390548,SAO PAULO,SP
19241571570196,MACEIO,AL
408526609111,BRASILIA,DF
423359066631,SAO PAULO,SP
411512081271,RIO DE JANEIRO,RJ
388960666892,SAO PAULO,SP
407265815792,SALVADOR,BA
23225592137748,BREVES,PA
1902700824347,SALVADOR,BA
407762238411,CURITIBA,PR
408068688011,SAO PAULO,SP
421022157892,CARAPICUIBA,SP
9574238427284,ITABI,SE
423335707491,BELO HORIZONTE,MG
377302095652,OSASCO,SP
411011769252,SAO PAULO,SP
408520127671,JOAO PESSOA,PB
401451839632,PINHAIS,PR
421772947712,ALVORADA,RS
415689829411,FORTALEZA,CE
417927201372,SAO PAULO,SP
13368391391380,LONDRINA,PR
404605070312,RIO DE JANEIRO,RJ
377300753392,CURITIBA,PR
401565817191,SANTO ANDRE,SP
419241771272,JOAO PESSOA,PB
412529337011,CAMPINA GRANDE DO SUL,PR
1900278443827,GOIANIA,GO
9645887924756,VIANA,ES
12125175646100,POA,SP
385083578652,SAO PAULO,SP
412843822231,CANOAS,RS
417759660831,HERVAL D OESTE,SC
26036714928788,SAO PAULO,SP
422541888212,FLORIANOPOLIS,SC
26233211494804,SAO PAULO,SP
377359945791,SAO BERNARDO DO CAMPO,SP
410504349291,ALFENAS,MG
421958354891,TERESINA,PI
9532977183764,MANAUS,AM
418764438452,SAO CAETANO DO SUL,SP
390183846532,SAO PAULO,SP
15434328395028,JUIZ DE FORA,MG
422357090972,MARECHAL CANDIDO RONDON,PR
1902839169367,BRASILIA,DF
11388639027604,CANOAS,RS
19566766891284,SAO PAULO,SP
21431890108436,SAO PAULO,SP
407840035571,SAO PAULO,SP
422142268491,SUZANO,SP
386515823311,CUIABA,MT
405887617612,NOVO HAMBURGO,RS
1900833058047,SAO PAULO,SP
418406499251,RECIFE,PE
410750115171,SANTA MARIA,RS
408445149551,RIO DE JANEIRO,RJ
422842721971,RIO DE JANEIRO,RJ
24667367790356,SALVADOR,BA
13792010688660,SAO PAULO,SP
399106510552,CURITIBA,PR
404591394652,SAO PAULO,SP
14426419909524,GOIANIA,GO
404925349191,SAO VICENTE,SP
409692140332,CAMPINAS,SP
377363025111,CAMPINAS,SP
1904095248347,RIO DE JANEIRO,RJ
410006075392,SAO JOAO DE MERITI,RJ
26295648137108,PORTO ALEGRE,RS
13090752808084,SAO PAULO,SP
420489315151,PIRAI DO SUL,PR
6670171874068,ARACATUBA,SP
401469401531,CUNHA,SP
419163783452,SAO PAULO,SP
27662485987476,SAO PAULO,SP
7707130775316,IPOJUCA,PE
1904971734787,ITAMARAJU,BA
28642978429204,GUARULHOS,SP
24359199747988,TRINDADE,GO
12452174871188,APARECIDA DE GOIANIA,GO
404743814431,RIO DE JANEIRO,RJ
416806346972,JABOATAO DOS GUARARAPES,PE
411790284652,CAMPINAS,SP
7272896990996,PARANAGUA,PR
400204912192,RIBEIRAO PIRES,SP
408526799031,PORTO ALEGRE,RS
25008795526292,PORTO ALEGRE,RS
412476079272,MARINGA,PR
390228095871,SANTOS,SP
402965299792,RIO DE JANEIRO,RJ
377296814812,SAO PAULO,SP
421299286411,TAUBATE,SP
14921867752212,SAO PAULO,SP
422182337712,RIO DE JANEIRO,RJ
399112124352,VALPARAISO DE GOIAS,GO
10894066362900,PONTAL,SP
405559006871,SAO PAULO,SP
9278424589972,BRASILIA,DF
1902992534427,TRES COROAS,RS
404011291532,NITEROI,RJ
13347269947796,GUAIUBA,CE
24409198211348,CONTAGEM,MG
377359961611,DIADEMA,SP
403741212571,BOM JESUS DO ITABAPOANA,RJ
420543587751,CAUCAIA,CE
377360063731,BRASILIA,DF
377360319711,SALVADOR,BA
1903764864567,DUQUE DE CAXIAS,RJ
6528040022420,ARACATUBA,SP
5091299336468,SALVADOR,BA
6644693746580,SAO PAULO,SP
13090083498260,SAO FRANCISCO DO SUL,SC
21393303038996,MAUA,SP
402128980931,BELO HORIZONTE,MG
377300543012,PORTO ALEGRE,RS
423595666852,JOINVILLE,SC
14807560337428,MANAUS,AM
378611936971,RIBEIRAO PRETO,SP
1902411312827,ITABUNA,BA
394438209192,RIO DE JANEIRO,RJ
1904241709547,SAO PAULO,SP
18158180868884,FLORIANOPOLIS,SC
418295679152,BRASILIA,DF
379506650451,CURITIBA,PR
11408499170068,CONCEICAO DO COITE,BA
406801234891,SAO LOURENCO,MG
19021621668628,SAO PAULO,SP
5401571184788,RIO DE JANEIRO,RJ
377300615552,CAMPINAS,SP
7313279811220,BELO HORIZONTE,MG
16606686432788,VITORIA,ES
404596852832,RIO DE JANEIRO,RJ
377300486672,UBERABA,MG
4576412630164,PAULISTA,PE
16705585119892,SALVADOR,BA
416685348351,CURITIBA,PR
397802473172,PALHOCA,SC
12326462462868,BRASILIA,DF
382384492812,RIO DE JANEIRO,RJ
20817148723604,CAPIVARI,SP
14426342208916,CONTAGEM,MG
401895579251,RIO DE JANEIRO,RJ
25646428242068,UBERLANDIA,MG
377359983411,SAO PAULO,SP
419243521252,NAVEGANTES,SC
7347031017236,GUARAREMA,SP
421382645651,SANTANA DE PARNAIBA,SP
1901920656947,SAO PAULO,SP
27088199967508,SOROCABA,SP
420675997411,RIO DE JANEIRO,RJ
399531776432,RIO DE JANEIRO,RJ
13538966700308,BELO HORIZONTE,MG
420573194172,RECIFE,PE
409318319752,SALVADOR,BA
8915263124500,SAO PAULO,SP
27564391341076,PONTA GROSSA,PR
10528560138132,SAO PAULO,SP
15091404955028,RIO DE JANEIRO,RJ
20022582792724,SAO PAULO,SP
418465502951,SAO JOSE DE RIBAMAR,MA
401742523312,BELO HORIZONTE,MG
412396141352,SAO FRANCISCO DE ASSIS,RS
377357150571,CUIABA,MT
26221707459988,MESQUITA,RJ
14426515288724,CURITIBA,PR
25116970759316,ANANINDEUA,PA
1902802691447,JUIZ DE FORA,MG
412568601392,RIO DE JANEIRO,RJ
11353662995860,SAO PAULO,SP
1905192604247,SAO PAULO,SP
15660667304596,RIO DE JANEIRO,RJ
411369527452,RIO DE JANEIRO,RJ
11589338825748,BELEM,PA
402240623892,MANAUS,AM
24214590604308,RIO DE JANEIRO,RJ
405302329151,NATAL,RN
20022458287892,PALHOCA,SC
377300390952,BELEM,PA
388339019132,CAXIAS DO SUL,RS
420489314931,RIO DE JANEIRO,RJ
13859524473748,SAO PAULO,SP
18121705506324,MANAUS,AM
400021323972,RIO DE JANEIRO,RJ
421960228712,BELO HORIZONTE,MG
412807529051,SAO PAULO,SP
377300017672,RIO DE JANEIRO,RJ
27203328935444,INDAIAL,SC
8000892733076,MANAUS,AM
423809837431,RIO DE JANEIRO,RJ
15526752253716,GUARULHOS,SP
23859437874964,MAL. DEODORO,AL
17070020959892,SAO PAULO,SP
377353590831,BELEM,PA
421772947792,SAO PAULO,SP
420461876431,SAO PAULO,SP
404004115032,RIO CLARO,SP
26600514590868,RIO DE JANEIRO,RJ
420461876671,SAO PAULO,SP
377300631772,IBIRITE,MG
10078659531540,PORTO SEGURO,BA
4568628177556,CAMPINAS,SP
5182888547860,SAO PAULO,SP
1902379606767,PINDAMONHANGABA,SP
415689829831,JUIZ DE FORA,MG
26390031884948,SAO PAULO,SP
16658747400980,FORTALEZA,CE
23874095932308,SAO PAULO,SP
421278998331,QUEIMADOS,RJ
377293945172,SAO PAULO,SP
412351107792,AMARGOSA,BA
407332424652,UBERABA,MG
6206037953556,SALVADOR,BA
403497024292,CAMPINAS,SP
423226872491,RIO DE JANEIRO,RJ
422727156371,MANAUS,AM
26800185874708,ITAPEVI,SP
10078659531028,SAO PAULO,SP
389940579811,SAO PAULO,SP
424310642491,SAO PAULO,SP
406287032712,RIO CLARO,SP
26621223870740,CAMPINAS,SP
9701078279188,SAO GONCALO DO AMARANTE,RN
410103949931,FORTALEZA,CE
405157923052,ITANHANDU,MG
404933936312,SAO PAULO,SP
412351107732,ANGRA DOS REIS,RJ
377364493911,SANTO ANDRE,SP
20102847133076,ITAPECERICA DA SERRA,SP
13703781009556,FORTALEZA,CE
13386373430548,SAO PAULO,SP
421774562252,NOVA FRIBURGO,RJ
6019243636628,SAO PAULO,SP
377300904652,FORTALEZA,CE
410004365432,RECIFE,PE
411663717552,SAO VICENTE,SP
9366941523860,FOZ DO IGUACU,PR
410106336191,PIRAPORA,MG
400327672891,IRECE,BA
402623852911,SALVADOR,BA
1905192601287,RIO DE JANEIRO,RJ
1900003863127,PACAJUS,CE
377357295671,SAO PAULO,SP
24686882443028,CONTAGEM,MG
16654475180692,SAO PAULO,SP
410253449672,HORTOLANDIA,SP
5757617594900,SALVADOR,BA
377360257531,PORTO ALEGRE,RS
399112387792,BIRIGUI,SP
380876060451,OSASCO,SP
411935719791,FLORIANOPOLIS,SC
23984984115860,RIO DE JANEIRO,RJ
12518508150420,CARAPICUIBA,SP
377360176531,TAUBATE,SP
1900249006627,CURITIBA,PR
400021818932,SAO PAULO,SP
11059916244628,SAO PAULO,SP
421772947592,PLANALTINA,GO
16129828368532,SANTO ANDRE,SP
421957700071,ALM. TAMANDARE,PR
24708963699732,SAO PAULO,SP
7272896613780,SAO PAULO,SP
411361547151,SAO PAULO,SP
407445627611,SAO PAULO,SP
422664251891,ITAPETININGA,SP
410860132692,SAO PAULO,SP
422919934512,SAO PAULO,SP
423597864871,GUARULHOS,SP
410395808032,SAO PAULO,SP
405304525751,SAO BERNARDO DO CAMPO,SP
421100226272,CAXIAS DO SUL,RS
7823928446868,SALVADOR,BA
1905469085747,RIO DE JANEIRO,RJ
377363580631,MARINGA,PR
377296917472,MARINGA,PR
377297136792,ANANINDEUA,PA
5365921204372,BRASILIA,DF
423868688491,RIO DE JANEIRO,RJ
26202008575380,RIO DE JANEIRO,RJ
26279906842260,GOIANIA,GO
13545044112020,IGREJINHA,RS
27895789970196,SAO PAULO,SP
7272896614036,MAUA,SP
20456592395284,SALVADOR,BA
409404781391,RIO DE JANEIRO,RJ
423378435371,ITUTINGA,MG
419266331911,ARMACAO DOS BUZIOS,RJ
27186410455572,PERIQUITO,MG
27827146166804,SANTA BARBARA D OESTE,SP
12692492945044,SAO PAULO,SP
401249866552,ESTANCIA,SE
404555780772,ARARUAMA,RJ
5943098297236,DIADEMA,SP
421775459452,SAO GONCALO,RJ
377363596071,JANDIRA,SP
418246315331,VITORIA,ES
421957700011,GOIANIA,GO
377363737331,OSASCO,SP
377300618112,BARUERI,SP
377297114772,PINHAIS,PR
418742396452,BRASILIA,DF
1902215921747,CURITIBA,PR
408142063812,JACAREI,SP
422841724231,SAO PAULO,SP
1903470808047,LAURO DE FREITAS,BA
8172452972436,JACAREI,SP
27358062357780,SANTO ANTONIO DO DESCOBERTO,GO
412472971012,GOIANIA,GO
404213766732,VITORIA,ES
400148579771,RIO DE JANEIRO,RJ
4589243401108,CURITIBA,PR
394223945172,SAO PAULO,SP
402955278251,SAO PAULO,SP
5838437787924,OSASCO,SP
23859437872532,SALVADOR,BA
23969055388308,MACEIO,AL
1904723253307,SAO PAULO,SP
418216725752,MOGI DAS CRUZES,SP
11059987665556,BRASILIA,DF
394595522812,PELOTAS,RS
403513877551,SAO JOSE DA LAPA,MG
13443537678868,SALVADOR,BA
409308727091,ITAPEVI,SP
409297535371,SAO LUIZ GONZAGA,RS
12630756554132,BELO HORIZONTE,MG
10104887735956,IMBE,RS
418362873951,JOAO PESSOA,PB
418295485652,BARBACENA,MG
423972435291,BELO HORIZONTE,MG
14705112297492,RIO CLARO,SP
10359237649172,ARAXA,MG
27656792759188,CAMPINA GRANDE,PB
27575220032148,RECIFE,PE
21098048693268,JABOATAO DOS GUARARAPES,PE
402754063551,NITEROI,RJ
377363043491,MANAUS,AM
28404399787028,SAO PAULO,SP
390712633351,SAO PAULO,SP
419215868492,NOVA IGUACU,RJ
4675917899924,SAO PAULO,SP
378611934771,SAO PAULO,SP
424028707652,IBIRITE,MG
406711494332,GUANHAES,MG
28393520589972,RIO DE JANEIRO,RJ
16470952735124,CARAPICUIBA,SP
9051265249428,BALNEARIO CAMBORIU,SC
23945655047572,BRASILIA,DF
23593635361812,RIO DE JANEIRO,RJ
377363630911,RIBEIRAO DAS NEVES,MG
11599190297492,SAO PAULO,SP
421958355531,PORTO ALEGRE,RS
26916421821844,PETROPOLIS,RJ
8227598938388,RIO DE JANEIRO,RJ
416440737852,RIBEIRAO PRETO,SP
408409663572,PORTO ALEGRE,RS
1904503486927,SAO PAULO,SP
379362211931,JARINU,SP
18924367216660,JOAO PESSOA,PB
377363627811,SAO LUIS,MA
18382443678228,URUPEMA,SC
405096764531,RIO DE JANEIRO,RJ
377363697391,SAO PAULO,SP
1903472160067,RIO DE JANEIRO,RJ
25087005141524,PORTO ALEGRE,RS
423145010072,JUAZEIRO,BA
16748782009876,RIO DE JANEIRO,RJ
377296962932,MANAUS,AM
20731605288340,MARECHAL DEODORO,AL
399109030312,RIO DE JANEIRO,RJ
421869910772,MANAUS,AM
24790124471828,SAO PAULO,SP
377300753072,ITATIBA,SP
28205444546196,PORTO SEGURO,BA
399143377671,COTIA,SP
409416694011,RIO DE JANEIRO,RJ
377293924432,MOGI DAS CRUZES,SP
420781403472,BELO HORIZONTE,MG
11534078998292,SALVADOR,BA
28621850992276,PALHOCA,SC
27087962716692,SAO PAULO,SP
378611937871,SANTO ANDRE,SP
406950612272,BRASILIA,DF
26179212918548,TABOAO DA SERRA,SP
421958355071,RIBEIRAO DAS NEVES,MG
401534247551,PORTO ALEGRE,RS
422857356511,FORTALEZA,CE
399109379892,SAO CARLOS,SP
385263907092,SAO PAULO,SP
420461889951,PARNAMIRIM,RN
406209379051,SANTO ANDRE,SP
377351781731,SAO PAULO,SP
412341490992,CANOAS,RS
389744292272,GOIANIA,GO
377661637632,GUARUJA,SP
25919134973460,SALVADOR,BA
27109272958100,OLINDA,PE
377285566872,SAO PAULO,SP
421022507512,PORTO ALEGRE,RS
423935646071,SAO PAULO,SP
410105629151,INTERNACIONAL,INT
377300489372,SERRA,ES
382551212151,RIO DE JANEIRO,RJ
399080168632,APARECIDA DE GOIANIA,GO
15899436008468,PORTO SEGURO,BA
18854145655572,FORTALEZA,CE
410151136871,RIO DE JANEIRO,RJ
404782381492,INTERNACIONAL,INT
378611963791,GUARAPUAVA,PR
15698674149012,FORTALEZA,CE
414608111111,SAO JOAO DE MERITI,RJ
1904769479247,SAO BERNARDO DO CAMPO,SP
7722355763860,BARBACENA,MG
1903492722307,SAO PAULO,SP
412540800271,RIO DE JANEIRO,RJ
377296966572,GOIANIA,GO
381140537792,PORTO ALEGRE,RS
14426651013908,FORTALEZA,CE
7708979100308,OSASCO,SP
420814052412,RIO DE JANEIRO,RJ
20456615265684,SAO PAULO,SP
10206267340948,CAMPINA GRANDE,PB
412341491152,SAO VICENTE,SP
386366796571,SAO GONCALO,RJ
377300831052,OSASCO,SP
22949315272212,RIO DE JANEIRO,RJ
9353980837268,SAO GONCALO,RJ
410351364571,BRACO DO NORTE,SC
378741885632,CURITIBA,PR
12238799600148,SALVADOR,BA
377578773732,INDAIATUBA,SP
401808924772,CATANDUVA,SP
422663585211,NOSSA SENHORA DO SOCORRO,SE
10078591999380,PORTO ALEGRE,RS
377363798131,RIO DE JANEIRO,RJ
401425323971,BALNEARIO CAMBORIU,SC
27277951614740,PIRAQUARA,PR
403455046692,BRASILIA,DF
18819476094228,SAO PAULO,SP
399173430731,SAO PAULO,SP
417586425751,ROLANDIA,PR
24664820980500,PARACAMBI,RJ
403434006911,CANOAS,RS
26683877060884,SAO PAULO,SP
411043778091,SAO LUIS,MA
11059987665044,RIO DE JANEIRO,RJ
14865557080084,BELO HORIZONTE,MG
377300873192,RIO DE JANEIRO,RJ
8530085919508,BRASILIA,DF
377639542231,ALEGRETE,RS
418171680291,PALHOCA,SC
14426625455508,CURITIBA,PR
16872205447188,SAO PAULO,SP
23140824275732,RIO DE JANEIRO,RJ
9199157092244,SAO LUIZ DO NORTE,GO
409081479292,CURITIBA,PR
412621768732,CAMPINAS,SP
405554619471,NITEROI,RJ
11637267749908,BRASILIA,DF
408480332931,GUARULHOS,SP
1902186542967,CURITIBA,PR
411072612331,VESPASIANO,MG
399173440791,SAO PAULO,SP
394498270312,SAO JOAO DE MERITI,RJ
4548935892500,ARAPIRACA,AL
24708863215380,PORTO ALEGRE,RS
8364334683668,SAO PAULO,SP
412540800051,SAO PAULO,SP
377359999211,MIRASSOL,SP
410298512512,BELO HORIZONTE,MG
405294436652,INTERNACIONAL,INT
415981615051,FORTALEZA,CE
405771359312,SAO JOSE DOS CAMPOS,SP
400037037892,SAO PAULO,SP
28550864252308,RIO DE JANEIRO,RJ
405235411992,ASSIS,SP
404225890411,BELO HORIZONTE,MG
402622887271,SAO PAULO,SP
407814089572,CARANDAI,MG
407024162191,ITAGUAI,RJ
377776696371,BRASILIA,DF
420488443231,JOAO PESSOA,PB
377300570432,PALMAS,TO
23076614542996,JOAO PESSOA,PB
27216389566612,SAO PAULO,SP
406995627231,SAO PAULO,SP
11589246819092,RIO VERDE,GO
423747066211,BELFORD ROXO,RJ
10246878229012,SENHOR DO BONFIM,BA
421006287911,SALVADOR,BA
404140756192,RIO DE JANEIRO,RJ
7272896613652,BRASILIA,DF
412627911311,CARIACICA,ES
389583611051,CURITIBA,PR
18729157303444,SAO PAULO,SP
377300828392,CAMPINAS,SP
406965991112,SAO GONCALO,RJ
10596645943956,FRANCA,SP
389590435831,RIBEIRAO PRETO,SP
9043864941716,HORTOLANDIA,SP
27192572781716,COLOMBO,PR
402118014232,GUARULHOS,SP
17364238326292,NATAL,RN
421957767191,EMBU DAS ARTES,SP
13227945871252,SAO PAULO,SP
407387829912,INTERNACIONAL,INT
408489247771,SAO PAULO,SP
416634552732,SAO PAULO,SP
418091932471,BETIM,MG
377362986871,CONTAGEM,MG
393703569591,CAMPINAS,SP
420571440952,SAO JOSE DO RIO PRETO,SP
417182778892,NOVO HAMBURGO,RS
4904568589076,RIO DE JANEIRO,RJ
401091613672,JOINVILLE,SC
6536959510804,SAO PAULO,SP
11951729622804,SAO PAULO,SP
392162160692,PENEDO,AL
9614239161236,RECIFE,PE
21616470350612,MAUA,SP
392931147951,VOLTA REDONDA,RJ
422009299032,PORTO ALEGRE,RS
12463987796244,PRAIA GRANDE,SP
422302145112,SAO JOSE,SC
421957767251,PEDRO LEOPOLDO,MG
404887787832,SAO JOSE DOS PINHAIS,PR
405771359032,RIO DE JANEIRO,RJ
422192702672,MESQUITA,RJ
23107066292628,FORTALEZA,CE
418465328012,RIO DE JANEIRO,RJ
384971659972,SAO BERNARDO DO CAMPO,SP
422842349271,BRASILIA,DF
1903465805147,FEIRA DE SANTANA,BA
410394991172,RIO DE JANEIRO,RJ
402116580612,RECIFE,PE
26464873486868,CONCORDIA DO PARA,PA
377299966772,SAO PAULO -  TABOAO DA SERRA,SP
26164947055380,VALPARAISO DE GOIAS,GO
377360300851,SAO BERNARDO DO CAMPO,SP
410105092291,SAO PAULO,SP
411002139672,SAO BERNARDO DO CAMPO,SP
13781116362644,SAO VICENTE,SP
26793828165140,DUQUE DE CAXIAS,RJ
377742408092,BRASILIA,DF
404231512971,OSASCO,SP
25452698709908,RIO DE JANEIRO,RJ
16752352206612,MACAPA,AP
411351118112,VITORIA,ES
377401786471,JABOATAO DOS GUARARAPES,PE
1901921127867,MARILENA,PR
13762741251220,NITEROI,RJ
18124346690452,CAMPINAS,SP
378611937551,SAO JOAO DE MERITI,RJ
401469408971,BELEM,PA
418884812952,NOVA IGUACU,RJ
410359024511,ARINOS,MG
23890446046356,VITORIA,ES
378565429632,SAO PAULO,SP
377353667391,SAO GONCALO,RJ
25511327159316,SAO PAULO,SP
1904719355807,SAO PAULO,SP
10078188824212,BRASILIA,DF
377363760311,FRANCISCO MORATO,SP
388452034611,BELO HORIZONTE,MG
421696404812,SAO VICENTE,SP
22601509527828,DONA INES,PB
1903394284367,SAO PAULO,SP
420488370771,RIO DE JANEIRO,RJ
415457974452,SAO PAULO,SP
422185776531,SAO BERNARDO DO CAMPO,SP
412540800311,RIO DE JANEIRO,RJ
377301491052,CARAPICUIBA,SP
379880337852,RIBEIRAO PRETO,SP
7313315268116,SAO PAULO,SP
26473859362964,GOIANIA,GO
409340934651,SAO PAULO,SP
421774562432,RIO DE JANEIRO,RJ
378690624372,SAO PAULO,SP
423407589952,PAULINIA,SP
418693853371,SANTA MARIA,RS
422655799212,RIO DE JANEIRO,RJ
377363881691,SUMARE,SP
378915645272,SAO PAULO ,SP
422398365072,CIDREIRA,RS
412752539191,MONTANHA,ES
14822610021908,SAO PAULO,SP
14866558168596,ATIBAIA,SP
25925529226388,RIO DE JANEIRO,RJ
17294971323028,SANTO ANDRE,SP
14765437781012,SAO JOSE DE RIBAMAR,MA
13623158836884,SAO PAULO,SP
14833350859540,HORTOLANDIA,SP
25561266759444,BRASILIA,DF
412805302731,VESPASIANO,MG
1902871330327,FRANCISCO MORATO,SP
26214498635540,PORTO ALEGRE,RS
25999228302356,OURO FINO,MG
1905722696027,VALENCA,BA
420461889871,SAO PAULO,SP
410886679652,IBIRITE,MG
1900527666907,MAUA,SP
377297008012,SAO PAULO,SP
421772947612,VILA VELHA,ES
25964843485460,SAO PAULO,SP
418280380751,RIO DE JANEIRO,RJ
27801258600084,SUMARE,SP
5182893673492,JOAO PESSOA,PB
377297051092,SAO PAULO,SP
377290206232,CURITIBA,PR
391149355512,NOVA IGUACU,RJ
1902465717047,MAUA,SP
11674312579092,PALMEIRAS,BA
22569946464660,BELO HORIZONTE,MG
28038201275924,MEDINA,MG
5757630592788,FOZ DO IGUACU,PR
12672507070228,NITEROI,RJ
377360310831,SAO PAULO,SP
401559927592,VICOSA,MG
7344788506516,SAO PAULO,SP
377363701431,SAO CAETANO DO SUL,SP
405057152451,SAO PAULO,SP
24883727784468,ITU,SP
8930610494484,SAO PAULO,SP
7272896991892,BARRA MANSA,RJ
5594322378772,SAO PAULO,SP
377293802132,RIO DE JANEIRO,RJ
5442924435860,PORTO ALEGRE,RS
25591896418196,SAO PAULO,SP
25790414492436,BRASILIA,DF
406613262012,CARAPICUIBA,SP
388265495191,SALVADOR,BA
415762865851,CABO DE SANTO AGOSTINHO,PE
24124796635156,OLINDA,PE
27434160445716,CONTAGEM,MG
14426733754004,BRASILIA,DF
378985244851,TIMOTEO,MG
416668366172,FEIRA DE SANTANA,BA
404183041431,LAJES,RN
18261199700628,SAO PAULO,SP
7345622572820,SAPUCAIA DO SUL,RS
379318638952,RIO DE JANEIRO,RJ
21431471306388,PRAIA GRANDE,SP
409039349551,GOIANIA,GO
16576806829076,PAULISTA,PE
26201900723476,SAO PAULO,SP
406882434531,NITEROI,RJ
20418169925908,CONTAGEM,MG
27149964318612,SAO PAULO,SP
421944689512,SUZANO,SP
15716681011988,CANOAS,RS
422285628052,MORRINHOS,GO
21390372052884,PETROPOLIS,RJ
4849066918676,NATAL,RN
26280759008788,CURITIBA,PR
1905201710687,PRAIA GRANDE,SP
7824641117460,SANTO ANDRE,SP
377285546312,AMERICANA,SP
6570910028820,ARACATUBA,SP
418408910152,JOINVILLE,SC
23134912077972,CARIACICA,ES
377356641411,SAO PAULO,SP
411348242611,RIO DE JANEIRO,RJ
1900779179167,FORTALEZA,CE
390042064351,TUPA,SP
14426733754132,SAO JOSE DOS PINHAIS,PR
418167004472,UBERABA,MG
1903588928367,SAO JOSE,SC
377362999611,SOROCABA,SP
377360204411,PORTO ALEGRE,RS
405123844111,INTERNACIONAL,INT
420461889831,JARAGUA DO SUL,SC
420461889991,SERRA,ES
412351108152,OSASCO,SP
417805616691,DIVINOPOLIS,MG
19218096041876,RIO DE JANEIRO,RJ
405123905431,BELO HORIZONTE,MG
405870522712,RIO DE JANEIRO,RJ
377300519152,BRASILIA,DF
25408339364756,RIO DE JANEIRO,RJ
377360014491,PRAIA GRANDE,SP
13090652354196,ITAPEVI,SP
377289553152,SOROCABA,SP
378611953191,CURITIBA,PR
420472550151,SAO PAULO,SP
394617461372,SAO PAULO,SP
25356230597396,ITAPETINGA,BA
399112025312,CAMPINAS,SP
20079800581524,ITAPEVA,MG
25891111436948,BIGUACU,SC
26280345741460,RIO DE JANEIRO,RJ
25695516966292,FORTALEZA,CE
404580710511,ITAJAI,SC
417205838931,SALVADOR,BA
421271905752,CAMPO GRANDE,MS
406991843812,FORTALEZA,CE
418401691751,FRANCO DA ROCHA,SP
408900001972,BELO HORIZONTE,MG
13092531080724,RIO DE JANEIRO,RJ
390286311172,APARECIDA DE GOIANIA,GO
19679185083540,DIADEMA,SP
4589297587220,MAUA,SP
403605590092,ITABIRA,MG
23945675205396,CARIACICA,ES
26216160622356,SALVADOR,BA
422469993911,BRACO DO NORTE,SC
377364474031,SAO PAULO,SP
406060587652,JANDIRA,SP
423617772892,CURITIBA,PR
7555279674388,SERRA,ES
26142958087700,SAO PAULO,SP
8364329083540,SANTAREM,PA
25702683770260,COLOMBO,PR
24552429225236,SALVADOR,BA
378957325311,SAO PAULO ,SP
423560379812,RIO DE JANEIRO,RJ
399112411272,SALVADOR,BA
11822603033236,BETIM,MG
18019393110932,ANANINDEUA,PA
418171680331,SALVADOR,BA
14486528117268,SAO CARLOS,SP
420308905772,FEIRA DE SANTANA,BA
11415328953620,SAO JOSE DO RIO PRETO,SP
8112300080148,PORTO ALEGRE,RS
421774562492,SAO PAULO,SP
417309793991,PALHOCA,SC
15248374155284,SAO PAULO,SP
399587674731,NITEROI,RJ
420566586231,BELO HORIZONTE,MG
16250253230868,CURITIBA,PR
377301463012,RECIFE,PE
417981668772,RIO DE JANEIRO,RJ
379016845252,MANAUS,AM
415689829551,UBERLANDIA,MG
26475007785620,SANTO ANDRE,SP
423517776971,ESTEIO,RS
378565412412,NITEROI,RJ
417273108152,BLUMENAU,SC
423082828072,BRASILIA,DF
21164584522772,FORTALEZA,CE
16286022586260,PETROLANDIA,PE
418171680051,SOROCABA,SP
13090752806676,ESTEIO,RS
403825658411,NITEROI,RJ
390181598251,SAO PAULO,SP
27244234707092,PELOTAS,RS
377297051812,RIO DE JANEIRO,RJ
377360171291,RIO DE JANEIRO,RJ
26050583085332,SINOP,MT
421958355451,SAO PAULO,SP
402624352811,SAO PAULO,SP
1902247584767,ROLANDIA,PR
421270559411,TERESOPOLIS,RJ
410623625232,SAO PAULO,SP
419117032731,SANTO ANDRE,SP
11219839693844,JAGUARARI,BA
400152455071,VARZEA GRANDE,MT
9614067531924,CARATINGA,MG
28364656138772,RIO DE JANEIRO,RJ
377299955392,RIO DE JANEIRO,RJ
412351107592,CAMPO BOM,RS
421192106211,PORTO ALEGRE,RS
11673466563348,FLORIANOPOLIS,SC
1901921133087,SAO CAETANO DO SUL,SP
21390372053140,RIO DE JANEIRO,RJ
416959241692,FAZENDA RIO GRANDE,PR
377363770611,FEIRA DE SANTANA,BA
16198668603668,BRASILIA,DF
377363892611,VILA VELHA,ES
26473900406292,SAO PAULO,SP
7312001319316,SAO PAULO,SP
377351767731,SAO PAULO,SP
410912458372,SALVADOR,BA
25353257823380,RIO DE JANEIRO,RJ
28405499543316,FORTALEZA,CE
382692512231,SAO PAULO,SP
8426032971540,BRASILIA,DF
1900526069907,VALPARAISO DE GOIAS,GO
28202351768468,SAO PAULO,SP
408534530171,ITAUNA,MG
377293952212,SAO PAULO,SP
423354544312,PACO DO LUMIAR,MA
25591251646100,CODO,MA
25702543018388,CAMPINA GRANDE,PB
377360118771,SAO PAULO,SP
410106336151,ITABAIANA,SE
1901266131027,FLORIANOPOLIS,SC
8943335868692,SALVADOR,BA
24522014801556,SAO PAULO,SP
418981848291,FERRAZ DE VASCONCELOS,SP
404377516312,SAO PAULO,SP
418542884831,MACEIO,AL
406665922032,SANTO ANDRE,SP
400043744231,IPATINGA,MG
422194735871,SAO PAULO,SP
10078188825236,TRAIRI,CE
424080126391,BELFORD ROXO,RJ
23013908832788,CURITIBA,PR
28362179401620,CURITIBA,PR
19463037889684,TIJUCAS DO SUL,PR
5528789043732,CAMPINAS,SP
8944741571476,NITEROI,RJ
6670506302612,SAO PAULO,SP
399967447352,ANGRA DOS REIS,RJ
418519803972,SAO PAULO,SP
8702209886356,JACAREI,SP
404519906172,SAO PAULO,SP
399174458851,SAO PAULO,SP
377289564212,CAMPINA GRANDE,PB
381211376711,PETROPOLIS,RJ
27935748318228,ITABIRA,MG
412529336971,MACEIO,AL
407725808672,SALVADOR,BA
379547945051,CURITIBA,PR
416526562391,BELEM,PA
14875185072276,SALVADOR,BA
8794931203732,SAO BERNARDO DO CAMPO,SP
24753997267220,RIO DE JANEIRO,RJ
411574970592,WENCESLAU BRAZ,PR
377300755792,LAURO DE FREITAS,BA
379789631652,SAO PAULO,SP
18061359788308,FRANCISCO MORATO,SP
26685687686804,BRASILIA,DF
13425325999892,RIO DE JANEIRO,RJ
23153688224660,BRASILIA,DF
410103949971,RIO DE JANEIRO,RJ
18020590249492,RIO DE JANEIRO,RJ
1902665995047,SAO PAULO,SP
1904152837067,TERESINA,PI
5104223079828,MANAUS,AM
377300748772,BELO HORIZONTE,MG
7390310756372,BELO HORIZONTE,MG
377363014091,NITEROI,RJ
25531629503380,VITORIA,ES
410237933631,SAO JOAO DEL REI,MG
25471380782356,RIO DE JANEIRO,RJ
419067038592,SAO JOAO DA BOA VISTA,SP
377299976232,GUARULHOS,SP
22985629915924,SAO PAULO,SP
412540800111,SAO PAULO,SP
9093227453204,NATAL,RN
386658345031,MESQUITA,RJ
423306346552,GOIANIA,GO
16264240805396,SUZANO,SP
24214292607252,SAO LOURENCO DA MATA,PE
377300416012,SAO PAULO,SP
21535150577172,DOURADOS,MS
401903337031,SAO PAULO,SP
26369468187796,ITAGUAJE,PR
410002454572,MUTUM,MG
22654347537940,BELFORD ROXO,RJ
420254899272,SAO PAULO,SP
27787518153748,GUARULHOS,SP
7273495096596,PORTO ALEGRE,RS
17530757340820,NITEROI,RJ
423150111092,SANTA RITA,PB
407947408672,PARACAMBI,RJ
416707908692,CACHOEIRINHA,RS
15532668879124,FORTALEZA,CE
8675589365908,SAO PAULO,SP
410632573511,BRASILIA,DF
20282465370644,RIO DE JANEIRO,RJ
7272896615572,BRASILIA,DF
378565408892,SAO VICENTE,SP
399082814072,CAMPINA GRANDE,PB
23859437876884,RIO DE JANEIRO,RJ
390541688452,VITORIA,ES
4694619124628,CATU,BA
24833307186324,ITANHAEM,SP
13863109203732,VALINHOS,SP
25949711272468,SAO PAULO,SP
407691936511,VILA VELHA,ES
377290100412,SALVADOR,BA
1904518368887,MOGI DAS CRUZES,SP
10813045335700,SAO PAULO,SP
412351447752,SANTA MARIA,RS
423565436892,BELO HORIZONTE,MG
410731569732,SAO PAULO,SP
1903620955387,JOAO PESSOA,PB
26172543462036,MARINGA,PR
13733178056852,APARECIDA DE GOIANIA,GO
420308807952,PONTES GESTAL,SP
25288167178900,CARIACICA,ES
1901920656707,SANTA MARIA,RS
419615149771,SAO JOAO DE MERITI,RJ
423984757071,RIO DE JANEIRO,RJ
386643324072,BRASILIA,DF
410004148532,JOAO PESSOA,PB
377363721531,RIBEIRAO DAS NEVES,MG
13378522823188,VINHEDO,SP
381220029771,SAO PAULO,SP
406810538712,RIO DE JANEIRO,RJ
25964910187284,PORTO ALEGRE,RS
412351107672,SAO PAULO,SP
400954470751,BRASILIA,DF
403830822271,BELO HORIZONTE,MG
26903460271764,SAO PAULO,SP
383445913152,BRASILIA,DF
7273197847956,RECIFE,PE
400198785912,PAULINIA,SP
12742588864660,FORTALEZA,CE
1901921133327,LONDRINA,PR
377363406771,LAPA,PR
408480886611,INTERNACIONAL,INT
27733121327636,FEIRA DE SANTANA,BA
21535590086804,RIO DE JANEIRO,RJ
27474106378772,RIO DE JANEIRO,RJ
420308808232,JOAO PESSOA,PB
25531241746068,VITORIA,ES
25491197938708,GUARULHOS,SP
24399161573780,ILHEUS,BA
377301523612,PORTO ALEGRE,RS
4694586359444,RIO DE JANEIRO,RJ
16003112323348,CARUARU,PE
8531866053140,SAO PAULO,SP
377359993411,RECIFE,PE
410105667391,SAO PAULO,SP
377363596051,SANTO ANDRE,SP
377293383172,SAO JOAO DEL REI,MG
1901921128187,SAO PAULO,SP
405771359112,SAO JOSE DOS PINHAIS,PR
5700274346516,RIO DE JANEIRO,RJ
13741646638356,TERESOPOLIS,RJ
406768420452,BELO HORIZONTE,MG
377297047172,COLOMBO,PR
404587831271,BELO HORIZONTE,MG
415814926411,BELO HORIZONTE,MG
405275412152,NITEROI,RJ
420987116072,SOROCABA,SP
388874149452,RIO DE JANEIRO,RJ
421957767631,SAO LUIS,MA
377357266551,SAO PAULO,SP
377363892511,CUIABA,MT
416995565351,SUZANO,SP
417601550612,VITORIA,ES
393651114871,CONTAGEM,MG
399168131671,SAO PAULO,SP
23253434737940,SAO JOSE DOS CAMPOS,SP
389268457071,RIO DE JANEIRO,RJ
400054875171,MEDIANEIRA,PR
25050353586836,CARIACICA,ES
12626218984212,COTIA,SP
9614172334356,SAO PAULO,SP
12499580362132,CURITIBA,PR
392487814352,FORTALEZA,CE
377293319532,POA,SP
409160526271,RIO DE JANEIRO,RJ
12240644549780,SAO PAULO,SP
415689778671,SAO PAULO,SP
421957767411,SAO PAULO,SP
377363382451,PORTO ALEGRE,RS
385585498912,SANTO ANDRE,SP
412351107932,NOVA IGUACU,RJ
415689043611,ESMERALDAS,MG
383448066892,VILA VELHA,ES
421844774832,RIO DE JANEIRO,RJ
22750650950548,COTIA,SP
27667440349076,SAO PAULO,SP
26329761918228,ANANINDEUA,PA
377360135351,RECIFE,PE
385154707511,SAO PAULO,SP
399883144471,UBATUBA,SP
407374358612,CAXIAS DO SUL,RS
8530420237972,SAO JOSE DOS CAMPOS,SP
27231206213140,BELO HORIZONTE,MG
410006075312,MANAUS,AM
14449769868692,TUPI PAULISTA,SP
19985163763220,JOAO PESSOA,PB
377300758012,NOVA IGUACU,RJ
415859698471,RIO DE JANEIRO,RJ
418165431851,SAO PAULO,SP
399743271672,SAO PAULO,SP
421009650371,RIO DE JANEIRO,RJ
377300771852,PARAPUA,SP
416601505491,SAO PAULO,SP
25122869598228,FEIRA DE SANTANA,BA
420443037612,SAO PAULO,SP
1904599751527,SAO JOSE DOS CAMPOS,SP
377356904571,BRASILIA,DF
18186247431572,RIO DE JANEIRO,RJ
14426457552660,GOIANIA,GO
417272546291,BRASILIA,DF
7975755127700,GUARULHOS,SP
8590405295380,SERRA,ES
412481096712,SAO PAULO,SP
15535450785044,MACAIBA,RN
415689829731,PORTO SEGURO,BA
22940915936148,SANTO ANDRE,SP
23201176115348,SAO PAULO,SP
379557168551,PORTO ALEGRE,RS
6106225270804,RIO DE JANEIRO,RJ
407685505931,SAO PAULO,SP
417602346672,RIO DE JANEIRO,RJ
24526849662612,SAO PAULO,SP
8944290714260,BLUMENAU,SC
16933901158292,DIAMANTINA,MG
26066981082644,RIO DE JANEIRO,RJ
419774374532,CURITIBA,PR
8446543375892,RIO DE JANEIRO,RJ
377360056191,RIO DE JANEIRO,RJ
406177132932,SAO PAULO,SP
9278260764308,PARANAPANEMA,SP
412528216631,RIO DE JANEIRO,RJ
21432591028500,CASA BRANCA,SP
1903393009187,BRASILIA,DF
13089653559316,PARACAMBI,RJ
417092300811,JOAO PESSOA,PB
1900758044267,BREJO SANTO,CE
416553456131,RIO DE JANEIRO,RJ
5039882023700,AMERICANA,SP
13304386219668,SAO PAULO,SP
1900779322367,DUQUE DE CAXIAS,RJ
24534207719572,RIO DE JANEIRO,RJ
14945730083732,CARAPICUIBA,SP
11976762405780,BETIM,MG
9014860249236,CAUCAIA,CE
420308905572,GOIANIA,GO
25086497020436,PORTO ALEGRE,RS
26930164751124,RIO DE JANEIRO,RJ
399143792451,GUARAPUAVA,PR
18416020451604,SANTOS,SP
404061747451,SAO PAULO,SP
26116631304724,OURO PRETO,MG
9093235153940,FLORIANOPOLIS,SC
22080201823380,SANTA MARIA,RS
415689829791,SAO PAULO,SP
393970489172,RIO DE JANEIRO,RJ
377363874451,SANTOS,SP
13090099548180,FLORIANOPOLIS,SC
382500707872,SAO PAULO,SP
26396240025364,FORTALEZA,CE
1901920657167,GUARATINGUETA,SP
7823857288084,SANTOS,SP
405466485372,COLORADO,PR
13609280432916,CURITIBA,PR
412528216871,VILA VELHA,ES
24665548732180,RIBEIRAO PIRES,SP
8626907577620,GOIANIA,GO
24843939544596,RIO DE JANEIRO,RJ
420607571892,DUQUE DE CAXIAS,RJ
422479432472,NOVA IGUACU,RJ
17320363163796,FORTALEZA,CE
15059247235220,BRASILIA,DF
377297063152,OSASCO,SP
405160165031,FERRAZ DE VASCONCELOS,SP
417761585251,POUSO ALEGRE,MG
11589351268244,RIO DE JANEIRO,RJ
26280462236052,SAO PAULO,SP
402966349552,GUARARAPES,SP
406627363671,RIO DE JANEIRO,RJ
26824184037524,SALVADOR,BA
424253065231,SALVADOR,BA
404367219151,DUQUE DE CAXIAS,RJ
377360068511,SAO PAULO,SP
412630023291,SAO PAULO,SP
399916687452,PALHOCA,SC
4746370899860,CAXIAS DO SUL,RS
25354919772948,CANOAS,RS
422013771172,FORTIM,CE
406372846331,CURITIBA,PR
377360358471,ITAQUAQUECETUBA,SP
421774562552,MONTES CLAROS,MG
405302180031,PARACAMBI,RJ
13090013040404,MOGI DAS CRUZES,SP
26175789757844,RECIFE,PE
18410474064020,SAO PAULO,SP
401801520151,RIO DE JANEIRO,RJ
5268993425428,SALVADOR,BA
422035968851,SAO PAULO,SP
412528216771,CARANDAI,MG
416841880312,RIO DE JANEIRO,RJ
23859437875860,SALVADOR,BA
377300011812,RIO DE JANEIRO,RJ
410609078311,MANAUS,AM
377363564291,FORTALEZA,CE
23859654760212,CABO DE SANTO AGOSTINHO,PE
377356824731,RIO DE JANEIRO,RJ
24988750461972,BRASILIA,DF
423291145952,ASSIS,SP
1905361560947,BAURU,SP
410641948951,CURITIBA,PR
418029030772,RIO DE JANEIRO,RJ
420308905872,FLORIANOPOLIS,SC
24666311443220,GARANHUNS,PE
420573045272,RIO DE JANEIRO,RJ
412341490692,ARAUCARIA,PR
408223977271,SALVADOR,BA
377356638771,RIO DE JANEIRO,RJ
401612203292,SAO PAULO,SP
377363005191,ITATIAIA,RJ
23916550607252,SUZANO,SP
11673895882260,MARINGA,PR
8098916091796,SAO BERNARDO DO CAMPO,SP
4608228611092,OSASCO,SP
405294636152,NOSSA SENHORA DO SOCORRO,SE
406377494831,BRASILIA,DF
22853685485076,CORACAO DE MARIA,BA
15215847277332,RIBEIRAO DAS NEVES,MG
411958804351,IGARAPE,MG
21390372052628,RIO DE JANEIRO,RJ
5699466945812,SAO PAULO,SP
377300942912,RIO DE JANEIRO,RJ
12320348416788,BARRA MANSA,RJ
10623826784660,CAMPO LARGO,PR
419495293571,SAO PAULO,SP
377300899372,JUNDIAI,SP
408537526651,BELO HORIZONTE,MG
418766584171,RIO DE JANEIRO,RJ
1903624911667,ITUMBIARA,GO
377363004351,RIO DE JANEIRO,RJ
401409383152,VIDEIRA,SC
24091563828628,FORTALEZA,CE
12742346384404,LAGOA SANTA,MG
402043701592,RIO DE JANEIRO,RJ
388292121071,INDAIATUBA,SP
377578768512,SAO PAULO,SP
422035623651,VOTORANTIM,SP
22699591710740,NATAL,RN
8535132305940,CASTANHAL,PA
6544392469908,RIO DE JANEIRO,RJ
27733077993620,CURITIBA,PR
1904579838087,CURITIBA,PR
377364502231,SAO PAULO,SP
1902411175607,JOAO PESSOA,PB
388867356971,SAO PAULO,SP
18633521089556,RIO DE JANEIRO,RJ
25288140121876,CURITIBA,PR
404526732972,RIO DE JANEIRO,RJ
415689778411,SALVADOR,BA
400951354891,RIO DE JANEIRO,RJ
20126271737364,ITAJAI,SC
20614221581588,ANDIRA,PR
404890884332,MACATUBA,SP
14426419908116,GUARULHOS,SP
1902872351247,UBERLANDIA,MG
1900572696527,SAO PAULO,SP
26221955237524,RIO DE JANEIRO,RJ
421774872612,SALVADOR,BA
412566930471,SAO LEOPOLDO,RS
22072349686804,CARAPICUIBA,SP
408094647791,BRASILIA,DF
377639539191,CACHOEIRINHA,RS
9399225863060,BRASILIA,DF
10533503399444,ROSARIO,MA
385875345892,RIBEIRAO PRETO,SP
18278737250452,CURITIBA,PR
377300944812,LONDRINA,PR
35419251994772,RECIFE,PE
28608384640532,CASCAVEL,PR
406762011152,PAULISTA,PE
405473135232,NITEROI,RJ
405828943952,SAO PAULO,SP
417764184412,RIO DE JANEIRO,RJ
22827149334164,SAO PAULO,SP
388486823712,SAO PAULO,SP
25055230956436,PORTO ALEGRE,RS
377363513511,SANTOS,SP
420516566552,CAMPINAS,SP
23859437874324,MACEIO,AL
26276469101332,SAO PAULO,SP
377363601551,SANTO ANDRE,SP
23859788268564,SAO FELIX DO XINGU,PA
403832660551,GETULIO VARGAS,RS
21839889979796,SAO PAULO,SP
28764505061140,RIO DE JANEIRO,RJ
28764390307988,ATIBAIA,SP
24896178426516,RIO DE JANEIRO,RJ
28755313810836,CAMACARI,BA
28790898493972,RIO DE JANEIRO,RJ
1902503112367,CURITIBA,PR
28812865460244,RIO DE JANEIRO,RJ
28820418449300,SAO PAULO,SP
28923725626132,MATAO,SP
28846340575380,RIO DE JANEIRO,RJ
28919007954964,COTIA,SP
22858077211028,SAO PAULO,SP
28993386708500,BELO HORIZONTE,MG
25574001586836,SAO PAULO,SP
378611528451,SAO PAULO,SP
384234223131,TAUBATE ,SP
29057730504340,SUMARE,SP
26582016485524,BRASILIA,DF
28198009919892,UBERLANDIA,MG
22854177568788,SAO GONCALO,RJ
29155417144084,PORTO ALEGRE,RS
29187333801364,VIAMAO,RS
29155670842900,SANTOS,SP
26464021875220,SALGUEIRO,PE
23333281075476,RIO DE JANEIRO,RJ
29326704342932,RIO DE JANEIRO,RJ
14770285376532,PORTO ALEGRE,RS
29365020362516,FORTALEZA,CE
29364985537300,FORTALEZA,CE
29467750173972,SAO JOSE DOS CAMPOS,SP
29422577710356,SALVADOR,BA
29179537127700,ILHEUS,BA
29439946647700,PINHAIS,PR
29536266969108,NITEROI,RJ
29596162011540,CARAGUATATUBA,SP
29627712652564,RECIFE,PE
29645856931604,PALHOCA,SC
29697005771924,ITABUNA,BA
29694129697428,TUBARAO,SC
29817824194068,SAO PAULO,SP
29836164920980,BELEM,PA
29866082018580,AREIOPOLIS,SP
394051743491,RIBEIRAO PRETO,SP
29911708300948,CARUARU,PE
29946616586388,PORTO FELIZ,SP
29996260544660,SAO PAULO,SP
27655771251476,ARAUCARIA,PR
30164140763668,SAO PAULO,SP
30160942891028,CAMPINAS,SP
30160079475732,SAO PAULO,SP
30162341538580,FORTALEZA,CE
410208003392,MANAUS,AM
386510968191,PORTO ALEGRE ,RS
424116251731,ITAUNA,MG
380082666531,PORTO ALEGRE ,RS
385962040511,NOVA FRIBURGO ,RJ
20393447466132,MOCOCA,SP
8062923410580,SAO PAULO,SP
412340112732,FRANCA,SP
400237073931,NOVA IGUACU,RJ
5499229287316,SAO PAULO,SP
383440497752,SAO  PAULO ,SP
8065038457236,SAO PAULO,SP
377293948232,PRESIDENTE PRUDENTE ,SP
390247110891,CAMPO BOM,RS
388659280392,SAO LUIS ,MA
420488371171,ITAMARACA,PE
421772947812,SANTANA DO LIVRAMENTO,RS
377639539111,BRASILIA ,DF
412341490712,UBERLANDIA,MG
405434517931,PALHOCA,SC
1904262631287,GUARULHOS,SP
386385812631,TAUBATE ,SP
390014440271,JOAO PESSOA,PB
13090099549332,MATAO,SP
14426457553428,SAO JOAO DA BOA VISTA,SP
380409189452,SAO PAULO ,SP
385897064911,GRAVATAI ,RS
10139571500692,ANAPOLIS,GO
407920766892,NOT_FOUND,SP
378611934511,MACAE ,RJ
20223177711124,VARZEA GRANDE,MT
409593754072,ITATIBA,SP
20903528365588,CAMPINAS,SP
7601529821204,QUEIMADOS,RJ
407245431312,CAMPINAS,SP
407490463792,JUNDIAI,SP
386790240652,CAMPINAS ,SP
10080839878804,UBERLANDIA,MG
19595488838932,CONTAGEM,MG
30260179441812,RIO DE JANEIRO,RJ
30273452259860,BRASILIA,DF
30315899575444,SAO PAULO,SP
23552223519252,PARANA,TO
30421258145044,SAO PAULO,SP
30459695387924,SAO PAULO,SP
30525577669524,BELO HORIZONTE,MG
30562538641940,RECIFE,PE
30564318100884,SAO PAULO,SP
30598484527380,CURITIBA,PR
30670785253524,CURITIBA,PR
30717776411028,SAO PAULO,SP
31004645000212,RIO DE JANEIRO,RJ
31049301290772,VILA VELHA,ES
31044795763092,RIO DE JANEIRO,RJ
31063871741204,PIRAQUARA,PR
30728641647252,SAO LOURENCO DA MATA,PE
30904852562580,MAUA,SP
31108320454164,SAO PAULO,SP
31109685762580,SAO GONCALO,RJ
31125889614228,RECIFE,PE
31135633597588,BRASILIA,DF
31186158302356,IBIRITE,MG
31221251330580,TERESOPOLIS,RJ
31225465460756,RIBEIRAO PRETO,SP
31248505566228,SAO PAULO,SP
31236669396884,RIO DE JANEIRO,RJ
377293795012,SAO PAULO,SP
31320278982932,SAO PAULO,SP
31230466267796,SAO VICENTE,SP
31325119771668,BELO HORIZONTE,MG
31179276252436,CANOAS,RS
31360195119124,CARIACICA,ES
31365746536084,MATINHOS,PR
31122417284500,GUARULHOS,SP
31269609066388,SAO PAULO,SP
31456663835924,CURITIBA,PR
31460515028884,SAO PAULO,SP
31095207048980,FRANCISCO MORATO,SP
31507043363476,GUARULHOS,SP
31510858115988,RIO DE JANEIRO,RJ
31532539164564,RIO DE JANEIRO,RJ
31568400896276,CRICIUMA,SC
31602329981716,BETIM,MG
31677824506644,FEIRA DE SANTANA,BA
31703075053588,BELO HORIZONTE,MG
31715915105812,FLORIANOPOLIS,SC
31884573283476,MOGI DAS CRUZES,SP
31848332752788,CIANORTE,PR
31524865181588,JABOATAO DOS GUARARAPES,PE
31672277813396,RIO DE JANEIRO,RJ
31941373452180,BRASILIA,DF
31990936922004,SAO PAULO,SP
31995594165780,BELA VISTA DO PARAISO,PR
31996665344788,SAO PAULO,SP
32029737582484,SALVADOR,BA
32067653732500,SAO PAULO,SP
32095087451412,MACAE,RJ
32107978395796,SAO PAULO,SP
32142507708948,DIADEMA,SP
32191162587668,FORTALEZA,CE
32201015882516,RIO DE JANEIRO,RJ
32211525893140,GUARATUBA,PR
32273421578900,MACEIO,AL
32277284204564,PARAUAPEBAS,PA
32330108040084,BRASILIA,DF
32359230868884,CAMPINAS,SP
31966161451028,VILA VELHA,ES
8805383696532,PINHAIS,PR
32240212360468,UBATUBA,SP
28204049949204,BARRETOS,SP
29393555771668,RIO DE JANEIRO,RJ
29914718930836,FORTALEZA,CE
385218141811,SANTO ANDRE ,SP
407327399611,MOGI DAS CRUZES,SP
409062318632,CACAPAVA,SP
424274369471,SEN. CANEDO,GO
30692876931092,ARACAJU,SE
30725976305172,PETROPOLIS,RJ
30758106306452,BELO HORIZONTE,MG
30873265390228,CURITIBA,PR
31129613474196,TEOFILO OTONI,MG
31201607116436,IMPERATRIZ,MA
31269747454228,VITORIA DA CONQUISTA,BA
31373325658516,RIO DE JANEIRO,RJ
31393767938324,OSASCO,SP
31689934591892,SAO PAULO,SP
31729178266516,VILA VELHA,ES
31819778326676,POA,SP
31858085447572,SAO PAULO,SP
31862235952148,CURITIBA,PR
31940583839124,PORTO ALEGRE,RS
32231327835668,BETIM,MG
5056933632788,SAO PAULO,SP
29230695882900,SAO VICENTE,SP
29358965370260,PINHAIS,PR
29452716903700,SAO GONCALO DO AMARANTE,RN
24143366847252,RIO DE JANEIRO,RJ
30804815903892,GOIANIA,GO
31461210309268,FRANCA,SP
31652344310292,SANTO ANDRE,SP
32355503129620,IMBASSAI,BA
29057518437524,CARAPICUIBA,SP
29107598068116,SAO LUIS,MA
31791829048980,SANTA MARIA DE JETIBA,ES
32220184621076,SALVADOR,BA
32463570351508,SAO JOAQUIM DA BARRA,SP
32501342010260,SAO PAULO,SP
32530456746900,RIO DE JANEIRO,RJ
32545023513876,RIO DE JANEIRO,RJ
32551366292244,RIO DE JANEIRO,RJ
32556258832148,CRISTINO CASTRO,PI
32581003205396,BONITO,MS
32583954153236,TURVELANDIA,GO
32690281557140,SANTO ANDRE,SP
32728137237780,SANTO ANDRE,SP
32741746624404,CARAPICUIBA,SP
32731648748564,VIAMAO,RS
32614978305684,RIO DE JANEIRO,RJ
32889659181460,SAO PAULO,SP
32902052878356,RIO DE JANEIRO,RJ
24944096204308,BELEM,PA
32964073487380,MANAUS,AM
32988897530260,RIO DE JANEIRO,RJ
33052782131092,PELOTAS,RS
33052958315156,RIO DE JANEIRO,RJ
33073418535188,FLORIANOPOLIS,SC
33075797578004,PORTO ALEGRE,RS
33104863589268,ARACAJU,SE
33093622535060,OSASCO,SP
33145425939092,SAO PAULO,SP
33150357757076,NATAL,RN
33194351470356,NOSSA SENHORA DO SOCORRO,SE
32987040147092,MACEIO,AL
33208149022996,CURITIBA,PR
33250198344852,SAO PAULO,SP
33258669648020,SAO PAULO,SP
33344410460692,ABAETE,MG
33369697119764,PALMEIRAS,BA
33410396761364,CAMPO GRANDE,MS
33516913833364,RIO DE JANEIRO,RJ
33442461794964,MAIRINQUE,SP
33334574821780,RIBEIRAO PRETO,SP
33352379481876,ITAMARAJU,BA
33553678115092,VILA VELHA,ES
33570359430676,RIO DE JANEIRO,RJ
33573382261396,SANTO ANDRE,SP
33603241660180,CURITIBA,PR
33625687868308,GUARULHOS,SP
33365561175444,RIO DE JANEIRO,RJ
33456419716756,CAUCAIA,CE
33363433369620,BELEM,PA
33651614427028,SAO GONCALO,RJ
33265154372372,PARAOPEBA,MG
33688567070100,RIO DE JANEIRO,RJ
33752309033364,SAO PAULO,SP
33758109720596,ITAPEVI,SP
33763644495764,SAO PAULO,SP
33763957154452,RIO DE JANEIRO,RJ
33778122125332,SALVADOR,BA
33345185348756,DIADEMA,SP
33812340587668,SAO PAULO,SP
10078659529492,VILA VELHA,ES
33872239246996,ITANHAEM,SP
33874897729556,RIO DE JANEIRO,RJ
33904686343828,CARAGUATATUBA,SP
33909649638420,BETIM,MG
33918614878740,SAO PAULO,SP
33937818406676,SAO VICENTE,SP
21195061608596,VARGINHA,MG
33659466377364,CARIACICA,ES
34075174383252,RIO DE JANEIRO,RJ
34064716510740,SENADOR CANEDO,GO
34023109156116,FLORIANOPOLIS,SC
377363905411,RIO DE JANEIRO,RJ
34162804938772,SAO PAULO,SP
34259327576468,RIO DE JANEIRO,RJ
34267057758228,FAZENDA RIO GRANDE,PR
34283799410068,PEDREIRA,SP
34283824558740,SAO JOSE DOS CAMPOS,SP
34356708208404,FRANCO DA ROCHA,SP
34368345492372,SAO PAULO,SP
34369299313300,RIO DE JANEIRO,RJ
34387802653460,OSASCO,SP
34392389367060,CASCAVEL,PR
34408419963924,MACEIO,AL
34426696407572,SAO PAULO,SP
34436856832020,PINHAIS,PR
34484129705492,FOZ DO IGUACU,PR
34485884446612,ARAUCARIA,PR
34471861822100,SALVADOR,BA
34483744277268,RIO DE JANEIRO,RJ
34426800288276,PORTO ALEGRE,RS
34507408157076,RIO DE JANEIRO,RJ
34512847057428,SAO PAULO,SP
27579915437844,SAO VICENTE,SP
34565440954132,ARMACAO DOS BUZIOS,RJ
34587151702036,SAO PAULO,SP
34638442874772,SAO PAULO,SP
34799962614164,ESMERALDAS,MG
401736664672,FLORIANOPOLIS,SC
34755425041812,GUARUJA,SP
34769642848148,FLORIANOPOLIS,SC
34776627001364,SOROCABA,SP
34794838340756,ALVORADA D OESTE,RO
34806718740372,SAO PAULO,SP
34833572877972,VOLTA REDONDA,RJ
34858051390228,BARUERI,SP
34874440408468,BELO HORIZONTE,MG
34922814827924,SAO PAULO,SP
34971279893524,RIO DE JANEIRO,RJ
34995853842964,SAO PAULO,SP
34999586715924,SAO PAULO,SP
35018146769300,JUIZ DE FORA,MG
35033851244180,RIO DE JANEIRO,RJ
35054629113108,BRASILIA,DF
35054746101012,SAO PAULO,SP
35071243971220,SAO PAULO,SP
35143283946772,POA,SP
35144463051924,CONTAGEM,MG
35207230525332,BELO HORIZONTE,MG
35209439204500,SAO PAULO,SP
35222758140436,SAO PAULO,SP
35239921894676,URUCUCA,BA
35320041878164,JAU,SP
35321765024788,ARUJA,SP
35328099965204,LIVRAMENTO DE NOSSA SENHORA,BA
35339855692820,SAO PAULO,SP
35354819232148,SAO PAULO,SP
35389699748884,PENHA,SC
35399860600084,FORTALEZA,CE
35413101145364,FORTALEZA,CE
31889772488852,UBERLANDIA,MG
35100852640404,DUQUE DE CAXIAS,RJ
35099785775764,BELTERRA,PA
35438698205204,SAO CARLOS,SP
35453310566292,PIRACICABA,SP
35462330141076,SAO PAULO,SP
35478461752468,CUIABA,MT
35497306174612,RIO DE JANEIRO,RJ
35511522517140,VILA VELHA,ES
35515825961876,BELO HORIZONTE,MG
35535838491412,SAO PAULO,SP
35537106063764,BRASILIA,DF
35583147867156,SAO PAULO,SP
35589289680788,PORTO ALEGRE,RS
35641885440404,SAO PAULO,SP
35649837398420,CUBATAO,SP
35659489398164,SANTO ANDRE,SP
35696174625044,SAO CAETANO DO SUL,SP
35707971675668,BRASILIA,DF
35715624231700,SAO PAULO,SP
35639026029716,OLINDA,PE
35745037261332,SAO JOSE,SC
35760903711636,SAO PAULO,SP
35814323038868,PORTO ALEGRE,RS
35875475304596,SERRA,ES
35899333607956,GUAIRA,SP
36008320047892,BRASILIA,DF
23985076839444,CARIACICA,ES
36141190721428,PARAISOPOLIS,MG
36167858295060,JABOATAO DOS GUARARAPES,PE
36175299413396,SALVADOR,BA
36206900251796,SANTA MARIA DA BOA VISTA,PE
36210338104852,CONTAGEM,MG
36211418544020,ANAPOLIS,GO
14426419908244,BARRA MANSA,RJ
36279935013012,CURITIBA,PR
36337333692436,PORTO SEGURO,BA
36394906469396,TAUBATE,SP
36462495866004,RIO DE JANEIRO,RJ
36472673916180,CAJAMAR,SP
36475429742868,CURITIBA,PR
36537781621396,SAO PAULO,SP
36541053409812,VARZEA PAULISTA,SP
36574378656660,SAO PAULO,SP
32502449639316,SAO PAULO,SP
32597174748692,RIO DE JANEIRO,RJ
32680625052308,SAO PAULO,SP
32828414279444,RIO DE JANEIRO,RJ
27360424536852,MURITIBA,BA
33040455814932,OSASCO,SP
33569016311828,SAO VICENTE,SP
33575525196180,RIO DE JANEIRO,RJ
33546750449300,CAMPINAS,SP
34263516831380,MOGI DAS CRUZES,SP
34418250679700,COLOMBO,PR
34516582118420,RIO DE JANEIRO,RJ
34592622604820,SALVADOR,BA
34655719961620,MANAUS,AM
34660189708692,CARIACICA,ES
34762688817428,SAO PAULO,SP
5211327870740,SAO PEDRO DA ALDEIA,RJ
34975558396948,SENHOR DO BONFIM,BA
34993445542804,CAMPINAS,SP
35050897289492,SAO PAULO,SP
35230579281044,SALVADOR,BA
35515505820564,POUSO ALEGRE,MG
35668771912980,BELO HORIZONTE,MG
36058272208404,RIO DE JANEIRO,RJ
36145661520276,COCALZINHO DE GOIAS,GO
36146189803540,ARMACAO DOS BUZIOS,RJ
36375057530260,FOZ DO IGUACU,PR
36514952169236,SUMIDOURO,RJ
377363706011,RIO DE JANEIRO,RJ
35009956403476,PEREIRA BARRETO,SP
35053459883796,FOZ DO IGUACU,PR
36033897464212,SAO LEOPOLDO,RS
36260051734420,ESMERALDAS,MG
20360776457108,ACARA,PA
377293854332,RIO DE JANEIRO,RJ
36453084531476,RIO DE JANEIRO,RJ
